error_rate,avg_response_time,hint_requests,idle_time,engagement_score
0.5,0.46944444444444433,0.5,0.34482758620689646,0.2857142857142857
0.16666666666666669,0.41944444444444445,0.5,0.4482758620689655,0.2857142857142857
0.5,0.44722222222222235,0.5,0.49425287356321845,0.2857142857142857
0.16666666666666669,0.7694444444444444,0.5,0.7298850574712643,0.2857142857142857
0.33333333333333337,0.4611111111111112,0.5,0.49999999999999994,0.2857142857142857
0.33333333333333337,0.47500000000000003,0.5,0.5459770114942528,0.5714285714285714
0.33333333333333337,0.6277777777777778,0.5,0.3850574712643678,0.5714285714285714
0.33333333333333337,0.4166666666666667,0.5,0.6494252873563219,0.5714285714285714
0.33333333333333337,0.588888888888889,0.5,0.7068965517241378,0.5714285714285714
0.16666666666666669,0.5916666666666667,0.5,0.8160919540229886,0.5714285714285714
0.16666666666666669,0.4666666666666666,0.5,0.6321839080459769,0.14285714285714285
0.33333333333333337,0.41944444444444445,0.5,0.36781609195402293,0.14285714285714285
0.16666666666666669,0.48611111111111116,0.5,0.5977011494252873,0.14285714285714285
0.33333333333333337,0.6555555555555557,0.5,0.5057471264367817,0.14285714285714285
0.6666666666666667,0.6250000000000001,0.5,0.7413793103448275,0.14285714285714285
0.33333333333333337,0.4277777777777778,0.5,0.5402298850574714,0.14285714285714285
0.33333333333333337,0.30000000000000004,0.5,0.08045977011494247,0.14285714285714285
0.5,0.711111111111111,0.5,0.4425287356321838,0.14285714285714285
0.33333333333333337,0.6138888888888889,0.5,0.4885057471264367,0.14285714285714285
0.5,0.6277777777777778,0.5,0.7701149425287357,0.14285714285714285
0.5,0.4583333333333332,0.5,0.5344827586206896,0.14285714285714285
0.5,0.6916666666666668,0.5,0.7758620689655171,0.14285714285714285
0.0,0.6333333333333334,0.5,0.42528735632183906,0.5714285714285714
0.6666666666666667,0.4361111111111112,0.5,0.41954022988505735,0.5714285714285714
0.5,0.6777777777777777,0.5,0.20114942528735624,0.5714285714285714
0.0,0.4333333333333333,0.5,0.867816091954023,0.5714285714285714
0.6666666666666667,0.4916666666666666,0.5,0.4425287356321838,0.5714285714285714
0.5,0.5166666666666668,0.5,0.49425287356321845,0.5714285714285714
0.33333333333333337,0.638888888888889,0.5,0.603448275862069,0.5714285714285714
0.16666666666666669,0.6194444444444444,0.5,0.6666666666666666,0.42857142857142855
0.16666666666666669,0.4722222222222223,0.5,0.6551724137931034,0.42857142857142855
0.5,0.5166666666666668,0.5,0.4655172413793103,0.42857142857142855
0.6666666666666667,0.6555555555555557,0.5,0.42528735632183906,0.42857142857142855
0.33333333333333337,0.34722222222222227,0.5,0.5344827586206896,0.42857142857142855
0.33333333333333337,0.5305555555555557,0.5,0.5517241379310346,0.42857142857142855
0.16666666666666669,0.4666666666666666,0.5,0.4655172413793103,0.2857142857142857
0.0,0.6944444444444445,0.5,0.49999999999999994,0.2857142857142857
0.16666666666666669,0.42222222222222217,0.5,0.689655172413793,0.2857142857142857
0.5,0.5083333333333334,0.5,0.603448275862069,0.2857142857142857
0.5,0.5722222222222222,0.5,0.7011494252873564,0.2857142857142857
0.8333333333333334,0.5833333333333333,0.5,0.8793103448275862,0.2857142857142857
0.5,0.638888888888889,0.5,0.6149425287356323,0.2857142857142857
0.6666666666666667,0.29444444444444434,0.5,0.7413793103448275,0.2857142857142857
0.33333333333333337,0.20833333333333334,0.5,0.4827586206896552,0.5714285714285714
0.0,0.6222222222222223,0.5,0.7068965517241378,0.5714285714285714
0.16666666666666669,0.31111111111111117,0.5,0.49425287356321845,0.5714285714285714
0.5,0.5805555555555556,0.5,0.471264367816092,0.5714285714285714
0.0,0.5416666666666667,0.5,0.3563218390804597,0.5714285714285714
0.6666666666666667,0.3555555555555557,0.5,0.32758620689655177,0.5714285714285714
0.16666666666666669,0.48333333333333345,0.5,0.3908045977011494,0.5714285714285714
0.0,0.4916666666666666,0.5,0.5459770114942528,0.5714285714285714
0.33333333333333337,0.5527777777777779,0.5,0.5632183908045976,0.5714285714285714
0.5,0.5027777777777778,0.5,0.6551724137931034,0.5714285714285714
0.0,0.30000000000000004,0.5,0.8908045977011495,0.5714285714285714
0.16666666666666669,0.47500000000000003,0.5,0.24137931034482754,0.14285714285714285
0.16666666666666669,0.6444444444444446,0.5,0.35057471264367807,0.14285714285714285
0.16666666666666669,0.5861111111111112,0.5,0.586206896551724,0.14285714285714285
0.5,0.4361111111111112,0.5,0.6091954022988505,0.14285714285714285
0.6666666666666667,0.4277777777777778,0.5,0.7988505747126436,0.14285714285714285
0.33333333333333337,0.8388888888888889,0.5,0.735632183908046,0.14285714285714285
0.33333333333333337,0.6111111111111113,0.5,0.34482758620689646,0.14285714285714285
0.5,0.2805555555555555,0.5,0.49425287356321845,0.7142857142857143
0.0,0.5249999999999999,0.5,0.5344827586206896,0.7142857142857143
0.5,0.4611111111111112,0.5,0.339080459770115,0.7142857142857143
0.6666666666666667,0.5583333333333333,0.5,0.6091954022988505,0.7142857142857143
0.0,0.5583333333333333,0.5,0.6666666666666666,0.7142857142857143
0.33333333333333337,0.30833333333333346,0.5,0.4022988505747126,0.5714285714285714
0.5,0.42222222222222217,0.5,0.4655172413793103,0.5714285714285714
0.16666666666666669,0.4277777777777778,0.5,0.5229885057471264,0.5714285714285714
0.5,0.40277777777777785,0.5,0.42528735632183906,0.5714285714285714
0.16666666666666669,0.5305555555555557,0.5,0.471264367816092,0.5714285714285714
0.5,0.5138888888888888,0.5,0.5287356321839082,0.5714285714285714
0.5,0.4277777777777778,0.5,0.5689655172413793,0.5714285714285714
0.16666666666666669,0.5833333333333333,0.5,0.5172413793103449,0.42857142857142855
0.33333333333333337,0.4611111111111112,0.5,0.7241379310344828,0.42857142857142855
0.5,0.0,0.5,0.6839080459770116,0.42857142857142855
0.16666666666666669,0.3999999999999999,0.5,0.4655172413793103,0.42857142857142855
0.33333333333333337,0.6361111111111112,0.5,0.33333333333333337,0.42857142857142855
0.16666666666666669,0.3916666666666667,0.5,0.6149425287356323,0.42857142857142855
0.16666666666666669,0.6472222222222223,0.5,0.8103448275862069,0.42857142857142855
0.6666666666666667,0.7750000000000001,0.5,0.5919540229885057,0.42857142857142855
0.16666666666666669,0.2805555555555555,0.5,0.6149425287356323,0.42857142857142855
0.16666666666666669,0.7083333333333334,0.5,0.7471264367816092,0.42857142857142855
0.0,0.5,0.5,0.735632183908046,0.42857142857142855
0.16666666666666669,0.38611111111111107,0.5,0.4597701149425288,0.42857142857142855
0.6666666666666667,0.5666666666666668,0.5,0.586206896551724,0.42857142857142855
0.6666666666666667,0.561111111111111,0.5,0.41379310344827586,0.2857142857142857
0.33333333333333337,0.4888888888888889,0.5,0.6609195402298851,0.2857142857142857
0.16666666666666669,0.6277777777777778,0.5,0.6954022988505748,0.2857142857142857
0.16666666666666669,0.6944444444444445,0.5,0.3563218390804597,0.2857142857142857
0.5,0.4944444444444446,0.5,0.16091954022988508,0.2857142857142857
0.16666666666666669,0.7222222222222222,0.5,0.37356321839080453,0.2857142857142857
0.16666666666666669,0.8805555555555556,0.5,0.6954022988505748,0.2857142857142857
0.6666666666666667,0.47777777777777775,0.5,0.5057471264367817,0.7142857142857143
0.33333333333333337,0.3972222222222222,0.5,0.5459770114942528,0.7142857142857143
0.16666666666666669,0.6111111111111113,0.5,0.5287356321839082,0.7142857142857143
0.33333333333333337,0.5777777777777778,0.5,0.8965517241379309,0.7142857142857143
0.8333333333333334,0.5527777777777779,0.5,0.6551724137931034,0.7142857142857143
0.16666666666666669,0.3944444444444445,0.5,0.37356321839080453,0.14285714285714285
0.16666666666666669,0.7166666666666668,0.5,0.5114942528735632,0.14285714285714285
0.33333333333333337,0.38333333333333336,0.5,0.7068965517241378,0.14285714285714285
0.33333333333333337,0.3999999999999999,0.5,0.5747126436781608,0.14285714285714285
0.8333333333333334,0.5972222222222221,0.5,0.8908045977011495,0.14285714285714285
0.33333333333333337,0.6527777777777778,0.5,0.35057471264367807,0.42857142857142855
0.0,0.42222222222222217,0.5,0.5747126436781608,0.42857142857142855
0.16666666666666669,0.2888888888888889,0.5,0.3850574712643678,0.42857142857142855
0.0,0.6250000000000001,0.5,0.396551724137931,0.42857142857142855
0.33333333333333337,0.6166666666666667,0.5,0.35057471264367807,0.42857142857142855
0.6666666666666667,0.7750000000000001,0.5,0.5344827586206896,0.42857142857142855
0.16666666666666669,0.4972222222222223,0.5,0.32758620689655177,0.42857142857142855
0.6666666666666667,0.7805555555555556,0.5,0.7931034482758621,0.42857142857142855
0.5,0.6944444444444445,0.5,0.4770114942528735,0.7142857142857143
0.33333333333333337,0.563888888888889,0.5,0.35057471264367807,0.7142857142857143
0.33333333333333337,0.44444444444444436,0.5,0.6321839080459769,0.7142857142857143
0.16666666666666669,0.47777777777777775,0.5,0.42528735632183906,0.7142857142857143
0.16666666666666669,0.5,0.5,0.5114942528735632,0.7142857142857143
0.16666666666666669,0.5111111111111111,0.5,0.3103448275862069,0.7142857142857143
0.0,0.5194444444444445,0.5,0.454022988505747,0.7142857142857143
0.33333333333333337,0.5027777777777778,0.5,0.339080459770115,0.7142857142857143
0.16666666666666669,0.7416666666666667,0.5,0.454022988505747,0.7142857142857143
0.33333333333333337,0.6111111111111113,0.5,0.28735632183908044,0.7142857142857143
0.8333333333333334,0.4333333333333333,0.5,0.6494252873563219,0.7142857142857143
0.16666666666666669,0.65,0.5,0.49999999999999994,0.7142857142857143
0.16666666666666669,0.6083333333333333,0.5,0.5574712643678161,0.7142857142857143
0.16666666666666669,0.6166666666666667,0.5,0.32183908045977017,0.5714285714285714
0.33333333333333337,0.261111111111111,0.5,0.5574712643678161,0.5714285714285714
0.5,0.4305555555555555,0.5,0.8620689655172412,0.5714285714285714
0.16666666666666669,0.5361111111111111,0.5,0.5459770114942528,0.5714285714285714
0.16666666666666669,0.6694444444444445,0.5,0.7586206896551725,0.5714285714285714
0.16666666666666669,0.6250000000000001,0.5,0.5344827586206896,0.5714285714285714
0.33333333333333337,0.47500000000000003,0.5,0.35057471264367807,0.5714285714285714
0.16666666666666669,0.41944444444444445,0.5,0.5114942528735632,0.5714285714285714
0.16666666666666669,0.7277777777777779,0.5,0.43103448275862055,0.5714285714285714
0.5,0.5944444444444444,0.5,0.603448275862069,0.5714285714285714
0.5,0.6916666666666668,0.5,0.6954022988505748,0.5714285714285714
0.16666666666666669,0.5277777777777777,0.5,0.5747126436781608,0.5714285714285714
0.33333333333333337,0.40277777777777785,0.5,0.4022988505747126,0.5714285714285714
0.16666666666666669,0.7527777777777779,0.5,0.2988505747126437,0.5714285714285714
0.6666666666666667,0.5166666666666668,0.5,0.5632183908045976,0.5714285714285714
0.0,0.48055555555555546,0.5,0.7126436781609196,0.5714285714285714
0.16666666666666669,0.6277777777777778,0.5,0.586206896551724,0.5714285714285714
0.33333333333333337,0.43888888888888894,0.5,0.34482758620689646,0.5714285714285714
0.5,0.2805555555555555,0.5,0.5689655172413793,0.5714285714285714
0.16666666666666669,0.4527777777777778,0.5,0.5689655172413793,0.5714285714285714
0.0,0.5361111111111111,0.5,0.42528735632183906,0.42857142857142855
0.16666666666666669,0.6722222222222223,0.5,0.5287356321839082,0.42857142857142855
0.5,0.6361111111111112,0.5,0.4482758620689655,0.42857142857142855
0.0,0.5416666666666667,0.5,0.3563218390804597,0.42857142857142855
0.16666666666666669,0.6222222222222223,0.5,0.3908045977011494,0.42857142857142855
0.33333333333333337,0.1805555555555554,0.5,0.5919540229885057,0.42857142857142855
0.5,0.7861111111111112,0.5,0.5977011494252873,0.42857142857142855
0.0,0.30277777777777776,0.5,0.4655172413793103,0.5714285714285714
0.0,0.5666666666666668,0.5,0.4655172413793103,0.5714285714285714
0.33333333333333337,0.4638888888888889,0.5,0.10919540229885054,0.5714285714285714
0.33333333333333337,0.6000000000000001,0.5,0.3908045977011494,0.5714285714285714
0.33333333333333337,0.4722222222222223,0.5,0.339080459770115,0.5714285714285714
0.5,0.7250000000000002,0.5,0.3908045977011494,0.5714285714285714
0.16666666666666669,0.588888888888889,0.5,0.4425287356321838,0.7142857142857143
0.5,0.5249999999999999,0.5,0.4655172413793103,0.7142857142857143
0.16666666666666669,0.5361111111111111,0.5,0.6494252873563219,0.7142857142857143
0.16666666666666669,0.1944444444444445,0.5,0.5574712643678161,0.7142857142857143
0.16666666666666669,0.711111111111111,0.5,0.35057471264367807,0.7142857142857143
0.33333333333333337,0.6916666666666668,0.5,0.689655172413793,0.7142857142857143
0.5,0.5499999999999999,0.5,0.4885057471264367,0.7142857142857143
0.8333333333333334,0.6444444444444446,0.5,0.6436781609195402,0.7142857142857143
0.16666666666666669,0.31111111111111117,0.5,0.6379310344827587,0.42857142857142855
0.6666666666666667,0.8083333333333335,0.5,0.41954022988505735,0.42857142857142855
0.33333333333333337,0.5222222222222223,0.5,0.3908045977011494,0.42857142857142855
0.33333333333333337,0.6194444444444444,0.5,0.396551724137931,0.42857142857142855
0.16666666666666669,0.5222222222222223,0.5,0.4367816091954023,0.42857142857142855
0.16666666666666669,0.45000000000000007,0.5,0.36781609195402293,0.42857142857142855
0.0,0.4305555555555555,0.5,0.7298850574712643,0.42857142857142855
0.5,0.5555555555555556,0.5,0.5689655172413793,0.42857142857142855
0.5,0.6138888888888889,0.5,0.6436781609195402,0.42857142857142855
0.33333333333333337,0.6055555555555555,0.5,0.32183908045977017,0.42857142857142855
0.5,0.1472222222222223,0.5,0.5287356321839082,0.42857142857142855
0.16666666666666669,0.3777777777777779,0.5,0.4022988505747126,0.42857142857142855
0.5,0.4638888888888889,0.5,0.7011494252873564,0.42857142857142855
0.33333333333333337,0.5277777777777777,0.5,0.603448275862069,0.42857142857142855
0.0,0.3999999999999999,0.5,0.34482758620689646,0.42857142857142855
0.33333333333333337,0.5111111111111111,0.5,0.7528735632183907,0.42857142857142855
0.16666666666666669,0.2750000000000001,0.5,0.43103448275862055,0.42857142857142855
0.33333333333333337,0.7694444444444444,0.5,0.36781609195402293,0.42857142857142855
0.8333333333333334,0.6722222222222223,0.5,0.9137931034482759,0.42857142857142855
0.16666666666666669,0.4361111111111112,0.5,0.471264367816092,0.42857142857142855
0.33333333333333337,0.5722222222222222,0.5,0.6839080459770116,0.42857142857142855
0.33333333333333337,0.6361111111111112,0.5,0.5689655172413793,0.42857142857142855
0.8333333333333334,0.4527777777777778,0.5,0.49425287356321845,0.42857142857142855
0.8333333333333334,0.3972222222222222,0.5,0.6609195402298851,0.42857142857142855
0.0,0.38611111111111107,0.5,0.34482758620689646,0.2857142857142857
0.5,0.2305555555555556,0.5,0.3563218390804597,0.2857142857142857
0.8333333333333334,0.5055555555555556,0.5,0.4022988505747126,0.2857142857142857
0.16666666666666669,0.4083333333333333,0.5,0.5287356321839082,0.2857142857142857
0.33333333333333337,0.6444444444444446,0.5,0.6609195402298851,0.2857142857142857
0.16666666666666669,0.6111111111111113,0.5,0.7643678160919539,0.2857142857142857
0.0,0.4166666666666667,0.5,0.6149425287356323,0.2857142857142857
0.5,0.4166666666666667,0.5,0.5287356321839082,0.2857142857142857
0.33333333333333337,0.48333333333333345,0.5,0.4482758620689655,0.0
0.33333333333333337,0.40277777777777785,0.5,0.6781609195402298,0.0
0.16666666666666669,0.4611111111111112,0.5,0.21264367816091947,0.0
0.16666666666666669,0.6861111111111111,0.5,0.5402298850574714,0.0
0.33333333333333337,0.5916666666666667,0.5,0.4655172413793103,0.0
0.33333333333333337,0.7055555555555556,0.5,0.6149425287356323,0.0
0.6666666666666667,0.6194444444444444,0.5,0.49425287356321845,0.0
0.0,0.48055555555555546,0.5,0.4022988505747126,0.7142857142857143
0.16666666666666669,0.6305555555555555,0.5,0.6206896551724137,0.7142857142857143
0.5,0.5833333333333333,0.5,0.23563218390804594,0.7142857142857143
0.16666666666666669,0.5055555555555556,0.5,0.5057471264367817,0.7142857142857143
0.16666666666666669,0.6083333333333333,0.5,0.8103448275862069,0.7142857142857143
0.33333333333333337,0.7444444444444445,0.5,0.7241379310344828,0.7142857142857143
0.0,0.34166666666666656,0.5,0.32758620689655177,0.7142857142857143
0.0,0.5027777777777778,0.5,0.42528735632183906,0.7142857142857143
0.5,0.6555555555555557,0.5,0.3563218390804597,0.7142857142857143
0.0,0.6166666666666667,0.5,0.718390804597701,0.7142857142857143
0.0,0.33611111111111114,0.5,0.49425287356321845,0.7142857142857143
0.33333333333333337,0.6361111111111112,0.5,0.6264367816091955,0.7142857142857143
0.8333333333333334,0.4666666666666666,0.5,0.32183908045977017,0.0
0.0,0.5777777777777778,0.5,0.43103448275862055,0.0
0.0,0.4250000000000001,0.5,0.735632183908046,0.0
0.33333333333333337,0.6000000000000001,0.5,0.7241379310344828,0.0
0.16666666666666669,0.6972222222222222,0.5,0.735632183908046,0.0
0.8333333333333334,0.7916666666666666,0.5,0.8965517241379309,0.0
0.5,0.7805555555555556,0.5,0.7586206896551725,0.0
0.5,0.7833333333333334,0.5,0.7758620689655171,0.5714285714285714
0.5,0.44444444444444436,0.5,0.24137931034482754,0.5714285714285714
0.33333333333333337,0.5777777777777778,0.5,0.4827586206896552,0.5714285714285714
0.8333333333333334,0.8166666666666667,0.5,0.7758620689655171,0.5714285714285714
0.5,0.4166666666666667,0.5,0.586206896551724,0.5714285714285714
0.5,0.40555555555555556,0.5,0.41379310344827586,0.5714285714285714
0.5,0.563888888888889,0.5,0.49999999999999994,0.5714285714285714
0.5,0.5944444444444444,0.5,0.9022988505747127,0.5714285714285714
0.16666666666666669,0.29444444444444434,0.5,0.42528735632183906,0.42857142857142855
0.5,0.5805555555555556,0.5,0.6149425287356323,0.42857142857142855
0.0,0.8833333333333333,0.5,0.5114942528735632,0.42857142857142855
1.0,0.5416666666666667,0.5,0.7068965517241378,0.42857142857142855
0.16666666666666669,0.47777777777777775,0.5,0.3045977011494253,0.42857142857142855
0.5,0.42222222222222217,0.5,0.41954022988505735,0.42857142857142855
0.16666666666666669,0.5694444444444444,0.5,0.7298850574712643,0.42857142857142855
0.16666666666666669,0.325,0.5,0.36781609195402293,0.7142857142857143
0.5,0.3944444444444445,0.5,0.603448275862069,0.7142857142857143
0.33333333333333337,0.4611111111111112,0.5,0.49425287356321845,0.7142857142857143
0.16666666666666669,0.5249999999999999,0.5,0.5057471264367817,0.7142857142857143
1.0,0.5722222222222222,0.5,0.3908045977011494,0.7142857142857143
0.5,0.4888888888888889,0.5,0.454022988505747,0.8571428571428571
0.0,0.6749999999999999,0.5,0.5402298850574714,0.8571428571428571
0.6666666666666667,0.7277777777777779,0.5,0.471264367816092,0.8571428571428571
0.33333333333333337,0.6083333333333333,0.5,0.3563218390804597,0.8571428571428571
0.5,0.4583333333333332,0.5,0.4367816091954023,0.8571428571428571
1.0,0.4583333333333332,0.5,0.9252873563218391,0.8571428571428571
0.33333333333333337,0.4888888888888889,0.5,0.3850574712643678,0.42857142857142855
0.16666666666666669,0.2583333333333333,0.5,0.3908045977011494,0.42857142857142855
0.16666666666666669,0.3333333333333334,0.5,0.4827586206896552,0.42857142857142855
0.0,0.7166666666666668,0.5,0.4885057471264367,0.42857142857142855
0.16666666666666669,0.6055555555555555,0.5,0.3850574712643678,0.42857142857142855
0.16666666666666669,0.37499999999999994,0.5,0.4022988505747126,0.42857142857142855
0.16666666666666669,0.48055555555555546,0.5,0.34482758620689646,0.42857142857142855
0.16666666666666669,0.588888888888889,0.5,0.5459770114942528,0.42857142857142855
0.0,0.37222222222222223,0.5,0.41954022988505735,0.7142857142857143
0.33333333333333337,0.48611111111111116,0.5,0.4425287356321838,0.7142857142857143
0.0,0.6194444444444444,0.5,0.27586206896551724,0.7142857142857143
0.16666666666666669,0.4250000000000001,0.5,0.3908045977011494,0.7142857142857143
0.5,0.3222222222222223,0.5,0.41379310344827586,0.7142857142857143
0.5,0.4250000000000001,0.5,0.24137931034482754,0.7142857142857143
0.16666666666666669,0.5722222222222222,0.5,0.5632183908045976,0.8571428571428571
0.16666666666666669,0.6027777777777779,0.5,0.41954022988505735,0.8571428571428571
0.33333333333333337,0.3611111111111111,0.5,0.4827586206896552,0.8571428571428571
0.16666666666666669,0.4972222222222223,0.5,0.5919540229885057,0.8571428571428571
0.33333333333333337,0.4277777777777778,0.5,0.471264367816092,0.8571428571428571
0.16666666666666669,0.4666666666666666,0.5,0.49999999999999994,0.8571428571428571
0.16666666666666669,0.4277777777777778,0.5,0.6436781609195402,0.2857142857142857
0.33333333333333337,0.4972222222222223,0.5,0.2931034482758621,0.2857142857142857
0.5,0.4722222222222223,0.5,0.7011494252873564,0.2857142857142857
0.16666666666666669,0.6638888888888889,0.5,0.3908045977011494,0.2857142857142857
0.33333333333333337,0.561111111111111,0.5,0.5287356321839082,0.2857142857142857
0.33333333333333337,0.7250000000000002,0.5,0.2586206896551724,0.2857142857142857
0.5,0.4083333333333333,0.5,0.8275862068965518,0.2857142857142857
0.33333333333333337,0.33055555555555544,0.5,0.396551724137931,0.5714285714285714
0.0,0.5027777777777778,0.5,0.28160919540229884,0.5714285714285714
0.0,0.5777777777777778,0.5,0.603448275862069,0.5714285714285714
0.33333333333333337,0.3527777777777777,0.5,0.2586206896551724,0.5714285714285714
0.33333333333333337,0.5722222222222222,0.5,0.5344827586206896,0.5714285714285714
0.16666666666666669,0.4722222222222223,0.5,0.5172413793103449,0.5714285714285714
0.5,0.736111111111111,0.5,0.7586206896551725,0.5714285714285714
0.5,0.4944444444444446,0.5,0.5574712643678161,0.5714285714285714
0.16666666666666669,0.27222222222222214,0.5,0.32758620689655177,0.7142857142857143
0.33333333333333337,0.6833333333333333,0.5,0.0,0.7142857142857143
0.16666666666666669,0.5083333333333334,0.5,0.37356321839080453,0.7142857142857143
0.5,0.6444444444444446,0.5,0.5114942528735632,0.7142857142857143
0.16666666666666669,0.44444444444444436,0.5,0.6149425287356323,0.7142857142857143
0.16666666666666669,0.6416666666666666,0.5,0.5919540229885057,0.7142857142857143
0.33333333333333337,0.5944444444444444,0.5,0.5574712643678161,0.7142857142857143
0.6666666666666667,0.7166666666666668,0.5,0.6609195402298851,0.7142857142857143
0.0,0.5277777777777777,0.5,0.6321839080459769,0.2857142857142857
0.33333333333333337,0.3222222222222223,0.5,0.5689655172413793,0.2857142857142857
0.8333333333333334,0.48333333333333345,0.5,0.5229885057471264,0.2857142857142857
0.16666666666666669,0.6944444444444445,0.5,0.3620689655172413,0.2857142857142857
0.5,0.4666666666666666,0.5,0.8275862068965518,0.2857142857142857
0.5,0.4666666666666666,0.5,0.36781609195402293,0.2857142857142857
0.33333333333333337,0.4638888888888889,0.5,0.4367816091954023,0.2857142857142857
0.0,0.5,0.5,0.5344827586206896,0.2857142857142857
0.5,0.6361111111111112,0.5,0.3850574712643678,0.2857142857142857
0.16666666666666669,0.6250000000000001,0.5,0.5402298850574714,0.2857142857142857
0.0,0.4611111111111112,0.5,0.2298850574712643,0.2857142857142857
0.6666666666666667,0.7055555555555556,0.5,0.7241379310344828,0.2857142857142857
0.0,0.5694444444444444,0.5,0.4482758620689655,0.42857142857142855
0.5,0.5166666666666668,0.5,0.6609195402298851,0.42857142857142855
0.16666666666666669,0.3166666666666666,0.5,0.34482758620689646,0.42857142857142855
0.5,0.15277777777777773,0.5,0.6551724137931034,0.42857142857142855
0.33333333333333337,0.38611111111111107,0.5,0.4885057471264367,0.42857142857142855
0.16666666666666669,0.5277777777777777,0.5,0.6954022988505748,0.42857142857142855
0.8333333333333334,0.47777777777777775,0.5,0.7068965517241378,0.42857142857142855
0.16666666666666669,0.3555555555555557,0.5,0.5057471264367817,0.5714285714285714
0.16666666666666669,0.6527777777777778,0.5,0.7413793103448275,0.5714285714285714
0.0,0.6472222222222223,0.5,0.6781609195402298,0.5714285714285714
0.33333333333333337,0.9638888888888889,0.5,0.4597701149425288,0.5714285714285714
0.33333333333333337,0.47500000000000003,0.5,0.36781609195402293,0.5714285714285714
0.33333333333333337,0.4666666666666666,0.5,0.7011494252873564,0.5714285714285714
0.16666666666666669,0.4305555555555555,0.5,0.5172413793103449,0.5714285714285714
0.33333333333333337,0.6555555555555557,0.5,0.21839080459770108,0.5714285714285714
0.33333333333333337,0.6000000000000001,0.5,0.36781609195402293,0.7142857142857143
0.0,0.5305555555555557,0.5,0.34482758620689646,0.7142857142857143
0.16666666666666669,0.588888888888889,0.5,0.4770114942528735,0.7142857142857143
0.0,0.8250000000000001,0.5,0.7471264367816092,0.7142857142857143
0.5,1.0,0.5,0.6321839080459769,0.7142857142857143
0.16666666666666669,0.4944444444444446,0.5,0.33333333333333337,0.7142857142857143
0.6666666666666667,0.35,0.5,0.6321839080459769,0.7142857142857143
0.33333333333333337,0.43888888888888894,0.5,0.6149425287356323,0.42857142857142855
0.33333333333333337,0.5944444444444444,0.5,0.3563218390804597,0.42857142857142855
0.16666666666666669,0.44722222222222235,0.5,0.10919540229885054,0.42857142857142855
0.16666666666666669,0.6027777777777779,0.5,0.5574712643678161,0.42857142857142855
0.33333333333333337,0.43888888888888894,0.5,0.49999999999999994,0.42857142857142855
0.33333333333333337,0.5777777777777778,0.5,0.3850574712643678,0.42857142857142855
0.16666666666666669,0.5472222222222222,0.5,0.4425287356321838,0.2857142857142857
0.16666666666666669,0.5388888888888888,0.5,0.4770114942528735,0.2857142857142857
0.5,0.5972222222222221,0.5,0.7011494252873564,0.2857142857142857
0.33333333333333337,0.5305555555555557,0.5,0.735632183908046,0.2857142857142857
0.33333333333333337,0.42222222222222217,0.5,0.49999999999999994,0.2857142857142857
0.5,0.7083333333333334,0.5,0.7126436781609196,0.2857142857142857
0.16666666666666669,0.47777777777777775,0.5,0.49425287356321845,0.2857142857142857
1.0,0.8333333333333334,0.5,0.7758620689655171,0.2857142857142857
0.5,0.4972222222222223,0.5,0.471264367816092,0.14285714285714285
0.8333333333333334,0.4722222222222223,0.5,0.8448275862068966,0.14285714285714285
0.5,0.5,0.5,0.4022988505747126,0.14285714285714285
0.5,0.5305555555555557,0.5,0.396551724137931,0.14285714285714285
0.16666666666666669,0.563888888888889,0.5,0.4770114942528735,0.14285714285714285
0.33333333333333337,0.3666666666666668,0.5,0.5747126436781608,0.14285714285714285
0.5,0.3694444444444445,0.5,0.41954022988505735,0.14285714285714285
0.6666666666666667,0.37499999999999994,0.5,0.7413793103448275,0.14285714285714285
0.0,0.4722222222222223,0.5,0.3908045977011494,0.42857142857142855
0.33333333333333337,0.5055555555555556,0.5,0.6781609195402298,0.42857142857142855
0.6666666666666667,0.711111111111111,0.5,0.5344827586206896,0.42857142857142855
0.16666666666666669,0.4916666666666666,0.5,0.6206896551724137,0.42857142857142855
0.5,0.8250000000000001,0.5,0.735632183908046,0.42857142857142855
0.8333333333333334,0.5333333333333333,0.5,0.9252873563218391,0.42857142857142855
0.0,0.325,0.5,0.21264367816091947,0.5714285714285714
1.0,0.5277777777777777,0.5,0.586206896551724,0.5714285714285714
0.6666666666666667,0.6888888888888889,0.5,0.5287356321839082,0.5714285714285714
0.5,0.44166666666666665,0.5,0.689655172413793,0.5714285714285714
0.33333333333333337,0.6333333333333334,0.5,0.6839080459770116,0.5714285714285714
0.6666666666666667,0.5972222222222221,0.5,0.735632183908046,0.5714285714285714
0.6666666666666667,0.5750000000000002,0.5,0.454022988505747,0.8571428571428571
0.16666666666666669,0.6305555555555555,0.5,0.3620689655172413,0.8571428571428571
0.6666666666666667,0.5388888888888888,0.5,0.6551724137931034,0.8571428571428571
0.16666666666666669,0.33055555555555544,0.5,0.5574712643678161,0.8571428571428571
0.5,0.5833333333333333,0.5,0.5689655172413793,0.8571428571428571
0.16666666666666669,0.3527777777777777,0.5,0.34482758620689646,0.8571428571428571
0.16666666666666669,0.42222222222222217,0.5,0.471264367816092,0.8571428571428571
0.33333333333333337,0.6638888888888889,0.5,0.28160919540229884,0.8571428571428571
0.33333333333333337,0.46944444444444433,0.5,0.34482758620689646,0.0
0.5,0.6638888888888889,0.5,0.471264367816092,0.0
0.33333333333333337,0.47777777777777775,0.5,0.41379310344827586,0.0
0.16666666666666669,0.588888888888889,0.5,0.5919540229885057,0.0
0.0,0.5305555555555557,0.5,0.7758620689655171,0.0
0.5,0.21111111111111108,0.5,0.6781609195402298,0.0
0.33333333333333337,0.2138888888888888,0.5,0.5287356321839082,0.5714285714285714
0.33333333333333337,0.5555555555555556,0.5,0.3045977011494253,0.5714285714285714
0.33333333333333337,0.7416666666666667,0.5,0.7873563218390804,0.5714285714285714
0.33333333333333337,0.5666666666666668,0.5,0.4482758620689655,0.5714285714285714
0.33333333333333337,0.6749999999999999,0.5,0.603448275862069,0.5714285714285714
0.33333333333333337,0.44166666666666665,0.5,0.6839080459770116,0.5714285714285714
0.0,0.41111111111111104,0.5,0.21264367816091947,0.5714285714285714
0.8333333333333334,0.6416666666666666,0.5,0.7241379310344828,0.5714285714285714
0.16666666666666669,0.5750000000000002,0.5,0.27586206896551724,0.5714285714285714
0.33333333333333337,0.4277777777777778,0.5,0.3103448275862069,0.5714285714285714
0.33333333333333337,0.41944444444444445,0.5,0.32758620689655177,0.5714285714285714
0.16666666666666669,0.5916666666666667,0.5,0.8908045977011495,0.5714285714285714
0.33333333333333337,0.5361111111111111,0.5,0.49425287356321845,0.5714285714285714
0.33333333333333337,0.5944444444444444,0.5,0.6609195402298851,0.5714285714285714
0.6666666666666667,0.34166666666666656,0.5,0.5057471264367817,0.5714285714285714
0.33333333333333337,0.5305555555555557,0.5,0.471264367816092,0.5714285714285714
0.6666666666666667,0.48055555555555546,0.5,0.3908045977011494,0.5714285714285714
0.33333333333333337,0.43888888888888894,0.5,0.5574712643678161,0.5714285714285714
0.33333333333333337,0.5750000000000002,0.5,0.42528735632183906,0.5714285714285714
0.6666666666666667,0.6722222222222223,0.5,0.9195402298850573,0.5714285714285714
0.0,0.19722222222222224,0.5,0.03448275862068969,0.7142857142857143
0.0,0.261111111111111,0.5,0.6551724137931034,0.7142857142857143
0.33333333333333337,0.41944444444444445,0.5,0.5977011494252873,0.7142857142857143
0.5,0.4277777777777778,0.5,0.5919540229885057,0.7142857142857143
0.33333333333333337,0.7722222222222224,0.5,0.7528735632183907,0.7142857142857143
0.33333333333333337,0.3777777777777779,0.5,0.35057471264367807,0.42857142857142855
0.5,0.6361111111111112,0.5,0.3160919540229885,0.42857142857142855
0.33333333333333337,0.5333333333333333,0.5,0.36781609195402293,0.42857142857142855
0.0,0.47777777777777775,0.5,0.41379310344827586,0.42857142857142855
0.6666666666666667,0.5222222222222223,0.5,0.7298850574712643,0.42857142857142855
0.16666666666666669,0.4361111111111112,0.5,0.2988505747126437,0.42857142857142855
0.5,0.5555555555555556,0.5,0.5689655172413793,0.42857142857142855
0.33333333333333337,0.6583333333333334,0.5,0.5287356321839082,0.42857142857142855
0.16666666666666669,0.37222222222222223,0.5,0.27011494252873564,0.42857142857142855
0.5,0.6777777777777777,0.5,0.4655172413793103,0.42857142857142855
0.33333333333333337,0.5333333333333333,0.5,0.5402298850574714,0.42857142857142855
0.16666666666666669,0.3555555555555557,0.5,0.4770114942528735,0.42857142857142855
0.5,0.5666666666666668,0.5,0.5172413793103449,0.42857142857142855
0.33333333333333337,0.48333333333333345,0.5,0.3908045977011494,0.42857142857142855
0.33333333333333337,0.6027777777777779,0.5,0.42528735632183906,0.42857142857142855
0.33333333333333337,0.5861111111111112,0.5,0.3160919540229885,0.42857142857142855
0.33333333333333337,0.24722222222222215,0.5,0.27011494252873564,0.8571428571428571
0.5,0.2805555555555555,0.5,0.3160919540229885,0.8571428571428571
0.33333333333333337,0.34166666666666656,0.5,0.7068965517241378,0.8571428571428571
0.33333333333333337,0.6777777777777777,0.5,0.4885057471264367,0.8571428571428571
0.5,0.7055555555555556,0.5,0.839080459770115,0.8571428571428571
0.33333333333333337,0.6111111111111113,0.5,0.3103448275862069,0.8571428571428571
0.5,0.6777777777777777,0.5,0.5574712643678161,0.8571428571428571
0.6666666666666667,0.8388888888888889,0.5,0.6839080459770116,0.8571428571428571
0.33333333333333337,0.638888888888889,0.5,0.21839080459770108,0.2857142857142857
0.0,0.5944444444444444,0.5,0.471264367816092,0.2857142857142857
0.5,0.6527777777777778,0.5,0.6379310344827587,0.2857142857142857
0.5,0.8083333333333335,0.5,0.5114942528735632,0.2857142857142857
0.5,0.5472222222222222,0.5,0.6264367816091955,0.2857142857142857
0.0,0.4888888888888889,0.5,0.49425287356321845,0.2857142857142857
0.33333333333333337,0.3222222222222223,0.5,0.3620689655172413,0.2857142857142857
0.33333333333333337,0.5444444444444445,0.5,0.6666666666666666,0.2857142857142857
0.16666666666666669,0.5416666666666667,0.5,0.28735632183908044,0.2857142857142857
0.33333333333333337,0.29166666666666663,0.5,0.471264367816092,0.2857142857142857
0.8333333333333334,0.3138888888888889,0.5,0.264367816091954,0.2857142857142857
0.16666666666666669,0.5666666666666668,0.5,0.43103448275862055,0.2857142857142857
0.16666666666666669,0.4722222222222223,0.5,0.7413793103448275,0.2857142857142857
0.16666666666666669,0.43888888888888894,0.5,1.0,0.2857142857142857
0.33333333333333337,0.47500000000000003,0.5,0.5919540229885057,0.2857142857142857
0.5,0.8805555555555556,0.5,0.5632183908045976,0.2857142857142857
0.33333333333333337,0.4166666666666667,0.5,0.6264367816091955,0.2857142857142857
0.6666666666666667,0.5111111111111111,0.5,0.6436781609195402,0.2857142857142857
0.0,0.3694444444444445,0.5,0.6724137931034484,0.2857142857142857
0.33333333333333337,0.6138888888888889,0.5,0.8045977011494254,0.2857142857142857
0.6666666666666667,0.7055555555555556,0.5,0.867816091954023,0.2857142857142857
0.6666666666666667,0.4722222222222223,0.5,0.3908045977011494,0.5714285714285714
0.33333333333333337,0.8138888888888889,0.5,0.3793103448275862,0.5714285714285714
0.16666666666666669,0.4277777777777778,0.5,0.7068965517241378,0.5714285714285714
0.16666666666666669,0.561111111111111,0.5,0.6206896551724137,0.5714285714285714
0.6666666666666667,0.5972222222222221,0.5,0.6379310344827587,0.5714285714285714
0.6666666666666667,0.588888888888889,0.5,0.41379310344827586,0.5714285714285714
0.0,0.5555555555555556,0.5,0.33333333333333337,0.5714285714285714
0.33333333333333337,0.6222222222222223,0.5,0.586206896551724,0.5714285714285714
0.33333333333333337,0.4972222222222223,0.5,0.5459770114942528,0.5714285714285714
0.5,0.561111111111111,0.5,0.8333333333333333,0.5714285714285714
0.33333333333333337,0.3138888888888889,0.5,0.6724137931034484,0.5714285714285714
0.16666666666666669,0.5555555555555556,0.5,0.42528735632183906,0.5714285714285714
0.16666666666666669,0.5,0.5,0.5977011494252873,0.14285714285714285
0.33333333333333337,0.4277777777777778,0.5,0.2931034482758621,0.14285714285714285
0.16666666666666669,0.31111111111111117,0.5,0.5459770114942528,0.14285714285714285
0.0,0.6222222222222223,0.5,0.7298850574712643,0.14285714285714285
0.5,0.5694444444444444,0.5,0.5919540229885057,0.14285714285714285
0.5,0.4888888888888889,0.5,0.6091954022988505,0.14285714285714285
0.0,0.413888888888889,0.5,0.4367816091954023,0.14285714285714285
0.0,0.413888888888889,0.5,0.27586206896551724,0.8571428571428571
0.0,0.48611111111111116,0.5,0.471264367816092,0.8571428571428571
0.0,0.5722222222222222,0.5,0.4885057471264367,0.8571428571428571
0.5,0.5916666666666667,0.5,0.5632183908045976,0.8571428571428571
0.0,0.7694444444444444,0.5,0.3620689655172413,0.8571428571428571
0.6666666666666667,0.5277777777777777,0.5,0.471264367816092,0.8571428571428571
0.33333333333333337,0.6222222222222223,0.5,0.35057471264367807,0.8571428571428571
0.6666666666666667,0.261111111111111,0.5,0.7931034482758621,0.8571428571428571
0.5,0.48333333333333345,0.5,0.7988505747126436,0.5714285714285714
0.0,0.38611111111111107,0.5,0.5977011494252873,0.5714285714285714
0.16666666666666669,0.65,0.5,0.4827586206896552,0.5714285714285714
0.16666666666666669,0.5666666666666668,0.5,0.6954022988505748,0.5714285714285714
0.0,0.6916666666666668,0.5,0.6091954022988505,0.5714285714285714
0.0,0.3222222222222223,0.5,0.6206896551724137,0.5714285714285714
0.33333333333333337,0.5861111111111112,0.5,0.5747126436781608,0.5714285714285714
0.33333333333333337,0.4916666666666666,0.5,0.6321839080459769,0.5714285714285714
0.5,0.4333333333333333,0.5,0.5689655172413793,0.14285714285714285
0.16666666666666669,0.561111111111111,0.5,0.6666666666666666,0.14285714285714285
0.0,0.3583333333333334,0.5,0.33333333333333337,0.14285714285714285
0.16666666666666669,0.5694444444444444,0.5,0.5804597701149425,0.14285714285714285
0.16666666666666669,0.37499999999999994,0.5,0.6206896551724137,0.14285714285714285
0.33333333333333337,0.6000000000000001,0.5,0.9080459770114941,0.14285714285714285
0.33333333333333337,0.44166666666666665,0.5,0.6551724137931034,0.14285714285714285
0.5,0.4527777777777778,0.5,0.7471264367816092,0.14285714285714285
0.33333333333333337,0.3916666666666667,0.5,0.6781609195402298,0.42857142857142855
0.5,0.4666666666666666,0.5,0.16666666666666669,0.42857142857142855
0.33333333333333337,0.3972222222222222,0.5,0.43103448275862055,0.42857142857142855
0.5,0.638888888888889,0.5,0.7931034482758621,0.42857142857142855
0.16666666666666669,0.6027777777777779,0.5,0.5344827586206896,0.42857142857142855
0.33333333333333337,0.4916666666666666,0.5,0.4655172413793103,0.42857142857142855
0.16666666666666669,0.7944444444444446,0.5,0.3850574712643678,0.42857142857142855
0.33333333333333337,0.4527777777777778,0.5,0.6609195402298851,0.42857142857142855
0.5,0.561111111111111,0.5,0.6149425287356323,0.7142857142857143
0.16666666666666669,0.3694444444444445,0.5,0.6781609195402298,0.7142857142857143
0.33333333333333337,0.4972222222222223,0.5,0.3103448275862069,0.7142857142857143
0.16666666666666669,0.5444444444444445,0.5,0.24137931034482754,0.7142857142857143
0.33333333333333337,0.6250000000000001,0.5,0.5172413793103449,0.7142857142857143
0.33333333333333337,0.29722222222222233,0.5,0.5229885057471264,0.7142857142857143
0.16666666666666669,0.3611111111111111,0.5,0.5459770114942528,0.7142857142857143
0.16666666666666669,0.43888888888888894,0.5,0.41379310344827586,0.5714285714285714
0.0,0.6472222222222223,0.5,0.5977011494252873,0.5714285714285714
0.5,0.5499999999999999,0.5,0.4885057471264367,0.5714285714285714
0.16666666666666669,0.43888888888888894,0.5,0.4827586206896552,0.5714285714285714
0.5,0.763888888888889,0.5,0.4827586206896552,0.5714285714285714
0.6666666666666667,0.7222222222222222,0.5,0.6609195402298851,0.5714285714285714
0.0,0.8138888888888889,0.5,0.14942528735632185,0.5714285714285714
0.6666666666666667,0.35,0.5,0.6436781609195402,0.5714285714285714
0.0,0.42222222222222217,0.5,0.49999999999999994,0.42857142857142855
0.5,0.5583333333333333,0.5,0.6379310344827587,0.42857142857142855
0.33333333333333337,0.6277777777777778,0.5,0.7528735632183907,0.42857142857142855
0.33333333333333337,0.6638888888888889,0.5,0.5114942528735632,0.42857142857142855
0.5,0.5527777777777779,0.5,0.7643678160919539,0.42857142857142855
0.5,0.29444444444444434,0.5,0.6379310344827587,0.5714285714285714
0.5,0.6166666666666667,0.5,0.586206896551724,0.5714285714285714
0.33333333333333337,0.65,0.5,0.6724137931034484,0.5714285714285714
0.33333333333333337,0.65,0.5,0.7241379310344828,0.5714285714285714
0.33333333333333337,0.6000000000000001,0.5,0.7298850574712643,0.5714285714285714
0.33333333333333337,0.5305555555555557,0.5,0.6149425287356323,0.5714285714285714
0.16666666666666669,0.5499999999999999,0.5,0.5919540229885057,0.5714285714285714
0.5,0.563888888888889,0.5,0.339080459770115,0.8571428571428571
0.33333333333333337,0.4083333333333333,0.5,0.4770114942528735,0.8571428571428571
0.33333333333333337,0.4611111111111112,0.5,0.4425287356321838,0.8571428571428571
0.0,0.6194444444444444,0.5,0.3563218390804597,0.8571428571428571
0.5,0.5027777777777778,0.5,0.32758620689655177,0.8571428571428571
0.6666666666666667,0.5388888888888888,0.5,0.3103448275862069,0.8571428571428571
0.16666666666666669,0.37222222222222223,0.5,0.32183908045977017,0.8571428571428571
0.16666666666666669,0.7166666666666668,0.5,0.5689655172413793,0.8571428571428571
0.33333333333333337,0.3583333333333334,0.5,0.6781609195402298,0.8571428571428571
0.0,0.6111111111111113,0.5,0.5344827586206896,0.8571428571428571
0.6666666666666667,0.41944444444444445,0.5,0.6379310344827587,0.8571428571428571
0.8333333333333334,0.8138888888888889,0.5,0.13793103448275862,0.5714285714285714
0.16666666666666669,0.38333333333333336,0.5,0.6954022988505748,0.5714285714285714
0.33333333333333337,0.40277777777777785,0.5,0.6379310344827587,0.5714285714285714
0.5,0.5194444444444445,0.5,0.5057471264367817,0.5714285714285714
0.5,0.6277777777777778,0.5,0.6091954022988505,0.5714285714285714
0.33333333333333337,0.5388888888888888,0.5,0.41379310344827586,0.42857142857142855
0.16666666666666669,0.5833333333333333,0.5,0.35057471264367807,0.42857142857142855
0.5,0.42222222222222217,0.5,0.5804597701149425,0.42857142857142855
0.33333333333333337,0.6833333333333333,0.5,0.5919540229885057,0.42857142857142855
0.33333333333333337,0.44444444444444436,0.5,0.396551724137931,0.42857142857142855
0.16666666666666669,0.30833333333333346,0.5,0.5459770114942528,0.42857142857142855
0.33333333333333337,0.45000000000000007,0.5,0.5287356321839082,0.7142857142857143
0.6666666666666667,0.4888888888888889,0.5,0.5574712643678161,0.7142857142857143
0.5,0.4250000000000001,0.5,0.454022988505747,0.7142857142857143
0.16666666666666669,0.5750000000000002,0.5,0.40804597701149425,0.7142857142857143
0.16666666666666669,0.41111111111111104,0.5,0.5459770114942528,0.7142857142857143
0.33333333333333337,0.5388888888888888,0.5,0.5172413793103449,0.7142857142857143
0.6666666666666667,0.6527777777777778,0.5,0.7126436781609196,0.7142857142857143
0.5,0.33055555555555544,0.5,0.18390804597701152,0.5714285714285714
0.5,0.3277777777777777,0.5,0.5287356321839082,0.5714285714285714
0.33333333333333337,0.5694444444444444,0.5,0.24712643678160917,0.5714285714285714
0.16666666666666669,0.4305555555555555,0.5,0.5287356321839082,0.5714285714285714
0.0,0.6083333333333333,0.5,0.6149425287356323,0.5714285714285714
0.5,0.33055555555555544,0.5,0.3620689655172413,0.5714285714285714
0.5,0.4361111111111112,0.5,0.7126436781609196,0.5714285714285714
0.5,0.47777777777777775,0.5,0.2241379310344827,0.5714285714285714
0.5,0.45000000000000007,0.5,0.3160919540229885,0.5714285714285714
0.16666666666666669,0.26388888888888895,0.5,0.339080459770115,0.5714285714285714
0.16666666666666669,0.3999999999999999,0.5,0.7471264367816092,0.5714285714285714
0.16666666666666669,0.6138888888888889,0.5,0.6091954022988505,0.5714285714285714
0.6666666666666667,0.4361111111111112,0.5,0.37356321839080453,0.8571428571428571
0.16666666666666669,0.7194444444444444,0.5,0.20114942528735624,0.8571428571428571
0.8333333333333334,0.5222222222222223,0.5,0.23563218390804594,0.8571428571428571
0.0,0.3277777777777777,0.5,0.454022988505747,0.8571428571428571
0.33333333333333337,0.5777777777777778,0.5,0.32758620689655177,0.8571428571428571
0.16666666666666669,0.5194444444444445,0.5,0.4770114942528735,0.8571428571428571
0.16666666666666669,0.5555555555555556,0.5,0.49425287356321845,0.8571428571428571
0.6666666666666667,0.6083333333333333,0.5,0.7643678160919539,0.8571428571428571
0.5,0.5249999999999999,0.5,0.4597701149425288,0.5714285714285714
0.5,0.4583333333333332,0.5,0.586206896551724,0.5714285714285714
0.33333333333333337,0.43888888888888894,0.5,0.4367816091954023,0.5714285714285714
0.6666666666666667,0.5944444444444444,0.5,0.4770114942528735,0.5714285714285714
0.6666666666666667,0.44166666666666665,0.5,0.3908045977011494,0.5714285714285714
0.16666666666666669,0.561111111111111,0.5,0.43103448275862055,0.8571428571428571
0.0,0.6194444444444444,0.5,0.4827586206896552,0.8571428571428571
0.16666666666666669,0.638888888888889,0.5,0.471264367816092,0.8571428571428571
0.33333333333333337,0.5777777777777778,0.5,0.2931034482758621,0.8571428571428571
0.16666666666666669,0.5333333333333333,0.5,0.7298850574712643,0.8571428571428571
0.5,0.5166666666666668,0.5,0.2586206896551724,0.2857142857142857
0.33333333333333337,0.29166666666666663,0.5,0.3620689655172413,0.2857142857142857
0.8333333333333334,0.5916666666666667,0.5,0.6091954022988505,0.2857142857142857
0.33333333333333337,0.7194444444444444,0.5,0.3563218390804597,0.2857142857142857
0.33333333333333337,0.6111111111111113,0.5,0.5459770114942528,0.2857142857142857
0.5,0.33888888888888885,0.5,0.33333333333333337,0.7142857142857143
0.8333333333333334,0.5111111111111111,0.5,0.35057471264367807,0.7142857142857143
0.33333333333333337,0.3972222222222222,0.5,0.40804597701149425,0.7142857142857143
0.0,0.7527777777777779,0.5,0.5459770114942528,0.7142857142857143
0.5,0.8444444444444446,0.5,0.7471264367816092,0.7142857142857143
0.8333333333333334,0.30833333333333346,0.5,0.5632183908045976,0.7142857142857143
0.16666666666666669,0.3638888888888888,0.5,0.5229885057471264,1.0
0.6666666666666667,0.325,0.5,0.32183908045977017,1.0
0.16666666666666669,0.48333333333333345,0.5,0.27586206896551724,1.0
0.16666666666666669,0.29444444444444434,0.5,0.454022988505747,1.0
0.5,0.5388888888888888,0.5,0.5977011494252873,1.0
0.8333333333333334,0.5527777777777779,0.5,0.454022988505747,1.0
0.0,0.3638888888888888,0.5,0.2528735632183908,0.8571428571428571
0.16666666666666669,0.6222222222222223,0.5,0.32183908045977017,0.8571428571428571
0.33333333333333337,0.5444444444444445,0.5,0.4827586206896552,0.8571428571428571
0.33333333333333337,0.5027777777777778,0.5,0.839080459770115,0.8571428571428571
0.16666666666666669,0.4333333333333333,0.5,0.43103448275862055,0.8571428571428571
0.16666666666666669,0.6444444444444446,0.5,0.396551724137931,0.8571428571428571
0.33333333333333337,0.563888888888889,0.5,0.5919540229885057,0.8571428571428571
0.5,0.6222222222222223,0.5,0.4022988505747126,0.8571428571428571
0.5,0.3999999999999999,0.5,0.3620689655172413,0.5714285714285714
0.33333333333333337,0.6166666666666667,0.5,0.5632183908045976,0.5714285714285714
0.0,0.5944444444444444,0.5,0.5517241379310346,0.5714285714285714
0.5,0.6888888888888889,0.5,0.339080459770115,0.5714285714285714
0.16666666666666669,0.8361111111111111,0.5,0.49999999999999994,0.5714285714285714
0.33333333333333337,0.5166666666666668,0.5,0.5229885057471264,0.5714285714285714
0.5,0.5916666666666667,0.5,0.718390804597701,0.5714285714285714
0.0,0.4250000000000001,0.5,0.5804597701149425,0.2857142857142857
0.5,0.3916666666666667,0.5,0.34482758620689646,0.2857142857142857
0.33333333333333337,0.27222222222222214,0.5,0.41954022988505735,0.2857142857142857
0.33333333333333337,0.5222222222222223,0.5,0.20114942528735624,0.2857142857142857
0.16666666666666669,0.2888888888888889,0.5,0.5574712643678161,0.2857142857142857
0.5,0.7,0.5,0.6781609195402298,0.2857142857142857
0.16666666666666669,0.7944444444444446,0.5,0.33333333333333337,0.5714285714285714
0.33333333333333337,0.5805555555555556,0.5,0.3850574712643678,0.5714285714285714
0.0,0.5555555555555556,0.5,0.5689655172413793,0.5714285714285714
0.5,0.3999999999999999,0.5,0.49425287356321845,0.5714285714285714
0.33333333333333337,0.5972222222222221,0.5,0.5402298850574714,0.5714285714285714
0.5,0.763888888888889,0.5,0.4770114942528735,0.5714285714285714
0.16666666666666669,0.5333333333333333,0.5,0.6494252873563219,0.7142857142857143
0.16666666666666669,0.6166666666666667,0.5,0.27011494252873564,0.7142857142857143
0.0,0.6305555555555555,0.5,0.6206896551724137,0.7142857142857143
0.0,0.5777777777777778,0.5,0.5057471264367817,0.7142857142857143
0.33333333333333337,0.7333333333333333,0.5,0.7873563218390804,0.7142857142857143
0.33333333333333337,0.6055555555555555,0.5,0.5574712643678161,0.7142857142857143
0.16666666666666669,0.6416666666666666,0.5,0.7471264367816092,0.7142857142857143
