error_rate,avg_response_time,hint_requests,idle_time,engagement_score,_raw_label
0.8383838383838383,0.02040816326530612,0.15,0.19387755102040816,0.16161616161616163,M
0.797979797979798,0.030612244897959183,0.2,0.24489795918367346,0.20202020202020202,M
0.9292929292929293,0.0,0.1,0.29591836734693877,0.0707070707070707,L
0.7474747474747474,0.05102040816326531,0.3,0.3469387755102041,0.25252525252525254,L
0.4949494949494949,0.12244897959183673,0.4,0.5,0.5050505050505051,M
0.696969696969697,0.1326530612244898,0.42,0.7040816326530612,0.30303030303030304,M
0.8787878787878788,0.0,0.35,0.16326530612244897,0.12121212121212122,L
0.898989898989899,0.15306122448979592,0.5,0.21428571428571427,0.10101010101010101,M
0.7878787878787878,0.16326530612244897,0.12,0.5,0.21212121212121213,M
0.19191919191919193,0.25510204081632654,0.7,0.7040816326530612,0.8080808080808081,M
0.11111111111111116,0.30612244897959184,0.5,0.8061224489795918,0.8888888888888888,H
0.9393939393939394,0.19387755102040816,0.19,0.11224489795918367,0.06060606060606061,M
0.98989898989899,0.0,0.05,0.10204081632653061,0.010101010101010102,L
0.8585858585858586,0.12244897959183673,0.2,0.1836734693877551,0.1414141414141414,L
0.29292929292929293,0.4489795918367347,0.62,0.6020408163265306,0.7070707070707071,H
0.595959595959596,0.22448979591836735,0.3,0.6632653061224489,0.40404040404040403,M
0.696969696969697,0.20408163265306123,0.36,0.8061224489795918,0.30303030303030304,M
0.8686868686868687,0.35714285714285715,0.55,0.9081632653061225,0.13131313131313133,M
0.8484848484848485,0.3673469387755102,0.69,0.9693877551020408,0.15151515151515152,M
0.4949494949494949,0.40816326530612246,0.7,1.0,0.5050505050505051,H
0.3939393939393939,0.336734693877551,0.6,0.9081632653061225,0.6060606060606061,M
0.8787878787878788,0.04081632653061224,0.1,0.8061224489795918,0.12121212121212122,M
0.7878787878787878,0.02040816326530612,0.15,0.9081632653061225,0.21212121212121213,M
1.0,0.02040816326530612,0.02,0.5,0.0,L
0.9797979797979798,0.030612244897959183,0.0,0.7040816326530612,0.020202020202020204,L
0.9292929292929293,0.30612244897959184,0.08,0.3979591836734694,0.0707070707070707,L
0.8080808080808081,0.25510204081632654,0.19,0.3979591836734694,0.1919191919191919,M
0.8484848484848485,0.12244897959183673,0.25,0.32653061224489793,0.15151515151515152,L
0.14141414141414144,0.5306122448979592,0.75,0.42857142857142855,0.8585858585858586,M
0.09090909090909094,0.336734693877551,0.3,0.3469387755102041,0.9090909090909091,M
0.19191919191919193,0.5102040816326531,0.35,0.7040816326530612,0.8080808080808081,H
0.9494949494949495,0.40816326530612246,0.04,0.15306122448979592,0.050505050505050504,L
0.8080808080808081,0.10204081632653061,0.02,0.5,0.1919191919191919,L
0.7777777777777778,0.09183673469387756,0.08,0.3979591836734694,0.2222222222222222,L
0.8888888888888888,0.08163265306122448,0.12,0.3979591836734694,0.1111111111111111,L
0.8787878787878788,0.17346938775510204,0.1,0.29591836734693877,0.12121212121212122,L
0.9393939393939394,0.04081632653061224,0.08,0.21428571428571427,0.06060606060606061,L
0.4545454545454546,0.2653061224489796,0.45,0.9081632653061225,0.5454545454545454,M
1.0,0.0,0.0,0.030612244897959183,0.0,L
0.09090909090909094,0.37755102040816324,0.5,0.7040816326530612,0.9090909090909091,M
0.8686868686868687,0.030612244897959183,0.14,0.7040816326530612,0.13131313131313133,L
0.797979797979798,0.16326530612244897,0.19,0.5,0.20202020202020202,M
0.8787878787878788,0.07142857142857142,0.1,0.32653061224489793,0.12121212121212122,L
0.6464646464646464,0.2857142857142857,0.3,0.9081632653061225,0.35353535353535354,M
0.6666666666666667,0.30612244897959184,0.33,0.9081632653061225,0.3333333333333333,M
0.8787878787878788,0.15306122448979592,0.2,0.7040816326530612,0.12121212121212122,L
0.898989898989899,0.01020408163265306,0.07,0.29591836734693877,0.10101010101010101,L
0.9595959595959596,0.3979591836734694,0.7,0.9081632653061225,0.04040404040404041,H
0.19191919191919193,0.40816326530612246,0.13,0.8877551020408163,0.8080808080808081,H
0.6060606060606061,0.5102040816326531,0.29,0.7755102040816326,0.3939393939393939,M
0.8585858585858586,0.12244897959183673,0.2,0.7040816326530612,0.1414141414141414,L
0.8484848484848485,0.16326530612244897,0.39,0.5,0.15151515151515152,L
0.09090909090909094,0.16326530612244897,0.55,0.3979591836734694,0.9090909090909091,M
0.29292929292929293,0.19387755102040816,0.49,0.7551020408163265,0.7070707070707071,H
0.4949494949494949,0.08163265306122448,0.12,0.29591836734693877,0.5050505050505051,L
0.8585858585858586,0.061224489795918366,0.16,0.19387755102040816,0.1414141414141414,L
0.9494949494949495,0.04081632653061224,0.19,0.0,0.050505050505050504,L
0.9797979797979798,0.061224489795918366,0.05,0.04081632653061224,0.020202020202020204,L
0.3939393939393939,0.19387755102040816,0.28,0.5,0.6060606060606061,M
0.7777777777777778,0.22448979591836735,0.27,0.3979591836734694,0.2222222222222222,M
0.898989898989899,0.2857142857142857,0.21,0.19387755102040816,0.10101010101010101,L
0.29292929292929293,0.32653061224489793,0.5,0.3979591836734694,0.7070707070707071,M
0.09090909090909094,0.7142857142857143,0.8,0.8061224489795918,0.9090909090909091,H
0.8686868686868687,0.16326530612244897,0.17,0.11224489795918367,0.13131313131313133,M
0.9494949494949495,0.07142857142857142,0.0,0.01020408163265306,0.050505050505050504,L
0.9494949494949495,0.1836734693877551,0.13,0.1836734693877551,0.050505050505050504,L
0.898989898989899,0.19387755102040816,0.25,0.29591836734693877,0.10101010101010101,M
0.24242424242424243,0.23469387755102042,0.65,0.8061224489795918,0.7575757575757576,H
0.303030303030303,0.35714285714285715,0.7,0.29591836734693877,0.696969696969697,H
0.595959595959596,0.11224489795918367,0.39,0.32653061224489793,0.40404040404040403,M
0.696969696969697,0.10204081632653061,0.22,0.11224489795918367,0.30303030303030304,L
0.7777777777777778,0.09183673469387756,0.29,0.19387755102040816,0.2222222222222222,M
0.9797979797979798,0.02040816326530612,0.11,0.07142857142857142,0.020202020202020204,L
0.696969696969697,0.2653061224489796,0.19,0.1836734693877551,0.30303030303030304,M
1.0,0.061224489795918366,0.12,0.12244897959183673,0.0,L
0.09090909090909094,0.29591836734693877,0.5,0.6020408163265306,0.9090909090909091,M
0.29292929292929293,0.37755102040816324,0.15,0.4387755102040816,0.7070707070707071,M
0.19191919191919193,0.336734693877551,0.2,0.32653061224489793,0.8080808080808081,M
0.9696969696969697,0.11224489795918367,0.13,0.08163265306122448,0.030303030303030304,L
0.09090909090909094,0.5,0.8,0.5510204081632653,0.9090909090909091,H
0.8484848484848485,0.10204081632653061,0.08,0.3979591836734694,0.15151515151515152,L
0.7474747474747474,0.01020408163265306,0.08,0.7040816326530612,0.25252525252525254,L
0.9494949494949495,0.02040816326530612,0.07,0.8061224489795918,0.050505050505050504,L
0.9595959595959596,0.10204081632653061,0.07,0.5,0.04040404040404041,M
0.29292929292929293,0.5102040816326531,0.5,0.09183673469387756,0.7070707070707071,H
1.0,0.01020408163265306,0.01,0.11224489795918367,0.0,L
0.8787878787878788,0.40816326530612246,0.7,0.5,0.12121212121212122,H
0.29292929292929293,0.030612244897959183,0.19,0.5,0.7070707070707071,L
0.8787878787878788,0.04081632653061224,0.03,0.32653061224489793,0.12121212121212122,L
0.797979797979798,0.01020408163265306,0.05,0.5,0.20202020202020202,L
0.9191919191919192,0.10204081632653061,0.04,0.6020408163265306,0.08080808080808081,L
0.09090909090909094,0.5612244897959183,0.8,0.1836734693877551,0.9090909090909091,H
0.29292929292929293,0.19387755102040816,0.5,0.14285714285714285,0.7070707070707071,H
0.101010101010101,0.40816326530612246,0.55,0.3979591836734694,0.898989898989899,H
0.5555555555555556,0.35714285714285715,0.8,0.09183673469387756,0.4444444444444444,L
0.19191919191919193,0.02040816326530612,1.0,0.7040816326530612,0.8080808080808081,H
0.3939393939393939,0.11224489795918367,0.14,0.7551020408163265,0.6060606060606061,H
0.9797979797979798,0.3877551020408163,0.06,0.11224489795918367,0.020202020202020204,M
0.9696969696969697,0.0,0.1,0.29591836734693877,0.030303030303030304,M
0.9292929292929293,0.09183673469387756,0.5,0.5,0.0707070707070707,M
0.09090909090909094,0.40816326530612246,0.5,0.9081632653061225,0.9090909090909091,M
0.07070707070707072,0.5102040816326531,0.7,0.061224489795918366,0.9292929292929293,H
0.9393939393939394,0.02040816326530612,0.02,0.07142857142857142,0.06060606060606061,L
0.9292929292929293,0.061224489795918366,0.01,0.09183673469387756,0.0707070707070707,L
0.8787878787878788,0.030612244897959183,0.0,0.02040816326530612,0.12121212121212122,M
1.0,0.05102040816326531,0.0,0.8061224489795918,0.0,L
0.7373737373737373,0.07142857142857142,0.12,0.3979591836734694,0.26262626262626265,M
0.09090909090909094,0.41836734693877553,0.7,0.32653061224489793,0.9090909090909091,H
0.8787878787878788,0.05102040816326531,0.07,0.02040816326530612,0.12121212121212122,M
0.29292929292929293,0.30612244897959184,0.9,0.1326530612244898,0.7070707070707071,M
0.11111111111111116,0.5612244897959183,0.7,0.3979591836734694,0.8888888888888888,H
0.19191919191919193,0.5204081632653061,0.77,0.8061224489795918,0.8080808080808081,M
0.9494949494949495,0.030612244897959183,0.02,0.5,0.050505050505050504,L
0.7272727272727273,0.0,0.25,0.6938775510204082,0.2727272727272727,L
0.9797979797979798,0.0,0.11,0.5,0.020202020202020204,L
0.9191919191919192,0.11224489795918367,0.0,0.7040816326530612,0.08080808080808081,L
0.19191919191919193,0.12244897959183673,0.77,0.1836734693877551,0.8080808080808081,M
0.7070707070707071,0.40816326530612246,0.25,0.16326530612244897,0.29292929292929293,H
0.6464646464646464,0.23469387755102042,0.24,0.21428571428571427,0.35353535353535354,M
0.3939393939393939,0.030612244897959183,0.6,0.6020408163265306,0.6060606060606061,M
0.8787878787878788,0.0,0.21,0.5,0.12121212121212122,M
0.9595959595959596,0.08163265306122448,0.0,0.29591836734693877,0.04040404040404041,L
0.09090909090909094,0.5612244897959183,0.66,0.11224489795918367,0.9090909090909091,M
0.010101010101010055,0.07142857142857142,0.7,0.04081632653061224,0.98989898989899,M
0.9393939393939394,0.04081632653061224,0.0,0.14285714285714285,0.06060606060606061,L
0.696969696969697,0.0,0.12,0.16326530612244897,0.30303030303030304,L
0.9090909090909091,0.07142857142857142,0.02,0.5510204081632653,0.09090909090909091,M
0.6666666666666667,0.061224489795918366,0.55,0.08163265306122448,0.3333333333333333,L
0.898989898989899,0.20408163265306123,0.12,0.15306122448979592,0.10101010101010101,L
0.09090909090909094,0.02040816326530612,0.7,0.01020408163265306,0.9090909090909091,L
0.9090909090909091,0.05102040816326531,0.07,0.29591836734693877,0.09090909090909091,L
0.5757575757575757,0.20408163265306123,0.8,0.5,0.42424242424242425,M
0.9696969696969697,0.10204081632653061,0.0,0.02040816326530612,0.030303030303030304,L
0.3939393939393939,0.0,0.12,0.7040816326530612,0.6060606060606061,L
0.19191919191919193,0.15306122448979592,0.8,0.7040816326530612,0.8080808080808081,H
0.19191919191919193,0.9693877551020408,0.7,0.7040816326530612,0.8080808080808081,H
0.19191919191919193,0.9693877551020408,0.7,0.7040816326530612,0.8080808080808081,H
0.19191919191919193,0.5102040816326531,0.6,0.3979591836734694,0.8080808080808081,M
0.19191919191919193,0.9693877551020408,1.0,0.9081632653061225,0.8080808080808081,H
0.14141414141414144,0.8673469387755102,1.0,0.7040816326530612,0.8585858585858586,M
0.3939393939393939,0.05102040816326531,0.1,0.19387755102040816,0.6060606060606061,L
0.3434343434343434,0.5102040816326531,0.19,0.09183673469387756,0.6565656565656566,L
0.24242424242424243,0.5612244897959183,0.1,0.10204081632653061,0.7575757575757576,M
0.09090909090909094,0.5612244897959183,0.8,0.1836734693877551,0.9090909090909091,H
0.898989898989899,0.15306122448979592,0.1,0.1836734693877551,0.10101010101010101,L
0.24242424242424243,0.5612244897959183,0.7,0.10204081632653061,0.7575757575757576,M
0.24242424242424243,0.5102040816326531,1.0,0.7040816326530612,0.7575757575757576,H
0.202020202020202,0.30612244897959184,0.1,0.29591836734693877,0.797979797979798,M
0.4444444444444444,0.30612244897959184,0.6,0.3979591836734694,0.5555555555555556,M
0.24242424242424243,0.5102040816326531,1.0,0.7040816326530612,0.7575757575757576,H
0.19191919191919193,0.5204081632653061,0.8,0.5918367346938775,0.8080808080808081,H
0.36363636363636365,0.7244897959183674,0.23,0.8979591836734694,0.6363636363636364,M
0.08080808080808077,1.0,1.0,0.3979591836734694,0.9191919191919192,H
0.48484848484848486,0.40816326530612246,0.1,0.3979591836734694,0.5151515151515151,L
0.4949494949494949,0.336734693877551,0.7,0.40816326530612246,0.5050505050505051,M
0.41414141414141414,0.7448979591836735,0.7,0.9183673469387755,0.5858585858585859,H
0.4949494949494949,0.30612244897959184,0.7,0.4897959183673469,0.5050505050505051,M
0.4949494949494949,0.336734693877551,0.7,0.3979591836734694,0.5050505050505051,M
0.48484848484848486,0.4897959183673469,0.22,0.09183673469387756,0.5151515151515151,L
0.31313131313131315,0.4897959183673469,0.62,0.8061224489795918,0.6868686868686869,M
0.101010101010101,0.5918367346938775,0.82,0.5,0.898989898989899,H
0.19191919191919193,0.5918367346938775,0.72,0.6632653061224489,0.8080808080808081,M
0.1717171717171717,0.030612244897959183,0.7,0.7346938775510204,0.8282828282828283,H
0.1717171717171717,0.9489795918367347,0.6,0.42857142857142855,0.8282828282828283,M
0.2727272727272727,0.8469387755102041,0.55,0.1326530612244898,0.7272727272727273,M
0.3434343434343434,0.7448979591836735,0.72,0.6632653061224489,0.6565656565656566,H
0.1717171717171717,0.5408163265306123,0.51,0.42857142857142855,0.8282828282828283,M
0.07070707070707072,0.8469387755102041,0.8,0.42857142857142855,0.9292929292929293,H
0.4747474747474747,0.23469387755102042,0.6,0.32653061224489793,0.5252525252525253,H
0.8787878787878788,0.29591836734693877,0.3,0.22448979591836735,0.12121212121212122,M
0.3737373737373737,0.8469387755102041,0.4,0.32653061224489793,0.6262626262626263,H
0.4747474747474747,0.23469387755102042,0.6,0.32653061224489793,0.5252525252525253,M
0.7777777777777778,0.5408163265306123,0.2,0.12244897959183673,0.2222222222222222,L
0.4747474747474747,0.23469387755102042,0.2,0.32653061224489793,0.5252525252525253,L
0.3737373737373737,0.7448979591836735,0.5,0.42857142857142855,0.6262626262626263,M
0.9797979797979798,0.1326530612244898,0.1,0.5306122448979592,0.020202020202020204,L
0.4747474747474747,0.23469387755102042,0.6,0.32653061224489793,0.5252525252525253,H
0.4747474747474747,0.8469387755102041,0.15,0.10204081632653061,0.5252525252525253,M
0.5757575757575757,0.336734693877551,0.8,0.12244897959183673,0.42424242424242425,H
0.48484848484848486,0.20408163265306123,0.4,0.32653061224489793,0.5151515151515151,M
0.29292929292929293,0.6428571428571429,0.6,0.9387755102040817,0.7070707070707071,H
0.3737373737373737,0.1326530612244898,0.5,0.32653061224489793,0.6262626262626263,L
0.24242424242424243,0.6326530612244898,0.85,0.5306122448979592,0.7575757575757576,H
0.8484848484848485,0.32653061224489793,0.25,0.5306122448979592,0.15151515151515152,M
0.6464646464646464,0.30612244897959184,0.1,0.12244897959183673,0.35353535353535354,L
0.3434343434343434,0.8367346938775511,0.87,0.32653061224489793,0.6565656565656566,H
0.8484848484848485,0.22448979591836735,0.85,0.5306122448979592,0.15151515151515152,M
0.2828282828282829,0.5306122448979592,0.8,0.5102040816326531,0.7171717171717171,M
0.2828282828282829,0.7346938775510204,0.75,0.5306122448979592,0.7171717171717171,H
0.33333333333333337,0.12244897959183673,0.85,0.22448979591836735,0.6666666666666666,M
0.7474747474747474,0.32653061224489793,0.23,0.5306122448979592,0.25252525252525254,L
0.7474747474747474,0.37755102040816324,0.15,0.12244897959183673,0.25252525252525254,L
0.08080808080808077,0.6326530612244898,0.95,0.5306122448979592,0.9191919191919192,M
0.24242424242424243,0.6326530612244898,0.81,0.5306122448979592,0.7575757575757576,M
0.24242424242424243,0.7346938775510204,0.53,0.22448979591836735,0.7575757575757576,M
0.5656565656565656,0.42857142857142855,0.15,0.32653061224489793,0.43434343434343436,M
0.3434343434343434,0.6326530612244898,0.92,0.5306122448979592,0.6565656565656566,H
0.24242424242424243,0.6326530612244898,0.83,0.5306122448979592,0.7575757575757576,H
0.8484848484848485,0.42857142857142855,0.27,0.5306122448979592,0.15151515151515152,L
0.04040404040404044,0.12244897959183673,0.45,0.12244897959183673,0.9595959595959596,M
0.09090909090909094,0.5306122448979592,0.15,0.8367346938775511,0.9090909090909091,H
0.41414141414141414,0.5306122448979592,0.45,0.42857142857142855,0.5858585858585859,H
0.9494949494949495,0.12244897959183673,0.25,0.32653061224489793,0.050505050505050504,M
0.48484848484848486,0.42857142857142855,0.22,0.3979591836734694,0.5151515151515151,M
0.898989898989899,0.12244897959183673,0.29,0.23469387755102042,0.10101010101010101,L
0.48484848484848486,0.42857142857142855,0.72,0.23469387755102042,0.5151515151515151,H
0.6868686868686869,0.42857142857142855,0.67,0.1326530612244898,0.31313131313131315,M
0.7878787878787878,0.42857142857142855,0.17,0.1326530612244898,0.21212121212121213,M
0.5858585858585859,0.5,0.27,0.1326530612244898,0.41414141414141414,M
0.18181818181818177,0.3979591836734694,0.7,0.8469387755102041,0.8181818181818182,M
0.09090909090909094,0.8367346938775511,0.27,0.1326530612244898,0.9090909090909091,H
0.38383838383838387,0.42857142857142855,0.17,0.1326530612244898,0.6161616161616161,M
0.18181818181818177,0.42857142857142855,0.87,0.1836734693877551,0.8181818181818182,H
0.38383838383838387,0.22448979591836735,0.07,0.1326530612244898,0.6161616161616161,L
0.4949494949494949,0.02040816326530612,0.17,0.030612244897959183,0.5050505050505051,L
0.7878787878787878,0.42857142857142855,0.05,0.1326530612244898,0.21212121212121213,L
0.5858585858585859,0.32653061224489793,0.27,0.6122448979591837,0.41414141414141414,M
0.11111111111111116,0.40816326530612246,0.87,0.09183673469387756,0.8888888888888888,M
0.38383838383838387,0.42857142857142855,0.96,0.9489795918367347,0.6161616161616161,H
0.48484848484848486,0.46938775510204084,0.57,0.336734693877551,0.5151515151515151,M
0.303030303030303,0.41836734693877553,0.77,0.12244897959183673,0.696969696969697,M
0.48484848484848486,0.40816326530612246,0.8,0.23469387755102042,0.5151515151515151,M
0.38383838383838387,0.8367346938775511,0.62,0.3979591836734694,0.6161616161616161,M
0.16161616161616166,0.12244897959183673,0.72,0.9081632653061225,0.8383838383838383,H
0.18181818181818177,0.22448979591836735,0.87,0.7040816326530612,0.8181818181818182,H
0.09090909090909094,0.12244897959183673,0.72,0.29591836734693877,0.9090909090909091,M
0.8888888888888888,0.6326530612244898,0.02,0.29591836734693877,0.1111111111111111,L
0.9696969696969697,0.02040816326530612,0.05,0.09183673469387756,0.030303030303030304,L
0.1515151515151515,0.7857142857142857,0.73,0.8163265306122449,0.8484848484848485,H
0.8282828282828283,0.21428571428571427,0.05,0.09183673469387756,0.1717171717171717,L
0.5757575757575757,0.12244897959183673,0.51,0.2857142857142857,0.42424242424242425,M
0.9292929292929293,0.21428571428571427,0.09,0.19387755102040816,0.0707070707070707,L
0.2727272727272727,0.15306122448979592,0.19,0.5,0.7272727272727273,M
0.19191919191919193,0.5918367346938775,0.32,0.45918367346938777,0.8080808080808081,M
0.3939393939393939,0.5918367346938775,0.32,0.6632653061224489,0.6060606060606061,M
0.9191919191919192,0.1836734693877551,0.12,0.25510204081632654,0.08080808080808081,L
0.898989898989899,0.1326530612244898,0.52,0.05102040816326531,0.10101010101010101,L
0.19191919191919193,0.5918367346938775,0.72,0.6632653061224489,0.8080808080808081,M
0.19191919191919193,0.5918367346938775,0.72,0.6632653061224489,0.8080808080808081,M
0.19191919191919193,0.8979591836734694,0.92,0.7653061224489796,0.8080808080808081,H
0.19191919191919193,1.0,0.72,0.9693877551020408,0.8080808080808081,H
0.19191919191919193,0.5918367346938775,0.72,0.8673469387755102,0.8080808080808081,M
0.797979797979798,0.1836734693877551,0.22,0.05102040816326531,0.20202020202020202,L
0.797979797979798,0.3877551020408163,0.12,0.45918367346938777,0.20202020202020202,M
0.07070707070707072,0.8469387755102041,0.7,0.8571428571428571,0.9292929292929293,H
0.595959595959596,0.5306122448979592,0.5,0.6632653061224489,0.40404040404040403,M
0.0505050505050505,0.6326530612244898,0.8,0.7755102040816326,0.9494949494949495,H
0.5151515151515151,0.8367346938775511,0.87,0.9693877551020408,0.48484848484848486,M
0.595959595959596,0.02040816326530612,0.7,0.15306122448979592,0.40404040404040403,L
0.13131313131313127,0.6326530612244898,0.65,0.3979591836734694,0.8686868686868687,M
0.9393939393939394,0.32653061224489793,0.15,0.3979591836734694,0.06060606060606061,H
0.2525252525252525,0.32653061224489793,0.19,0.16326530612244897,0.7474747474747475,L
0.23232323232323238,0.8367346938775511,0.69,0.9489795918367347,0.7676767676767676,M
0.7373737373737373,0.12244897959183673,0.39,0.4387755102040816,0.26262626262626265,L
0.02020202020202022,0.42857142857142855,0.59,0.7040816326530612,0.9797979797979798,H
0.8282828282828283,0.12244897959183673,0.1,0.3979591836734694,0.1717171717171717,H
0.12121212121212122,0.7346938775510204,0.8,0.6020408163265306,0.8787878787878788,H
0.0,0.673469387755102,0.7,0.6530612244897959,1.0,M
0.02020202020202022,0.8775510204081632,0.8,0.9591836734693877,0.9797979797979798,M
0.6565656565656566,0.12244897959183673,0.69,0.16326530612244897,0.3434343434343434,L
0.8282828282828283,0.12244897959183673,0.1,0.1326530612244898,0.1717171717171717,L
0.02020202020202022,0.8367346938775511,0.61,0.6428571428571429,0.9797979797979798,M
0.7272727272727273,0.5306122448979592,0.21,0.336734693877551,0.2727272727272727,M
0.0505050505050505,0.42857142857142855,0.49,0.061224489795918366,0.9494949494949495,M
0.3535353535353535,0.42857142857142855,0.7,0.3163265306122449,0.6464646464646465,M
0.1515151515151515,0.8367346938775511,0.79,0.3673469387755102,0.8484848484848485,H
0.19191919191919193,0.12244897959183673,0.19,0.16326530612244897,0.8080808080808081,M
0.29292929292929293,0.32653061224489793,0.11,0.2857142857142857,0.7070707070707071,M
0.9191919191919192,0.10204081632653061,0.1,0.09183673469387756,0.08080808080808081,M
0.7171717171717171,0.40816326530612246,0.18,0.19387755102040816,0.2828282828282828,M
0.1515151515151515,0.5306122448979592,0.9,0.29591836734693877,0.8484848484848485,H
0.18181818181818177,0.32653061224489793,0.92,0.35714285714285715,0.8181818181818182,M
0.7878787878787878,0.02040816326530612,0.42,0.15306122448979592,0.21212121212121213,M
0.797979797979798,0.061224489795918366,0.22,0.25510204081632654,0.20202020202020202,H
0.1717171717171717,0.8367346938775511,0.95,0.7040816326530612,0.8282828282828283,H
0.3737373737373737,0.8163265306122449,0.9,0.6020408163265306,0.6262626262626263,H
0.7878787878787878,0.22448979591836735,0.72,0.25510204081632654,0.21212121212121213,H
0.6868686868686869,0.42857142857142855,0.92,0.2653061224489796,0.31313131313131315,H
0.6868686868686869,0.5306122448979592,0.82,0.24489795918367346,0.31313131313131315,M
0.5858585858585859,0.46938775510204084,0.72,0.2653061224489796,0.41414141414141414,M
0.2828282828282829,0.5714285714285714,0.74,0.3673469387755102,0.7171717171717171,H
0.3939393939393939,0.5714285714285714,0.74,0.3673469387755102,0.6060606060606061,H
0.0505050505050505,0.7346938775510204,0.95,0.8061224489795918,0.9494949494949495,H
0.12121212121212122,0.8367346938775511,0.97,0.8673469387755102,0.8787878787878788,H
0.6161616161616161,0.32653061224489793,0.4,0.35714285714285715,0.3838383838383838,M
0.6060606060606061,0.35714285714285715,0.41,0.3877551020408163,0.3939393939393939,M
0.202020202020202,0.8673469387755102,0.51,0.8979591836734694,0.797979797979798,H
0.202020202020202,0.9285714285714286,0.81,0.8571428571428571,0.797979797979798,H
0.29292929292929293,0.6632653061224489,0.71,0.6938775510204082,0.7070707070707071,M
0.2828282828282829,0.7755102040816326,0.75,0.8061224489795918,0.7171717171717171,M
0.6363636363636364,0.32653061224489793,0.49,0.4387755102040816,0.36363636363636365,L
0.7575757575757576,0.12244897959183673,0.42,0.23469387755102042,0.24242424242424243,L
0.13131313131313127,0.8367346938775511,0.9,0.7448979591836735,0.8686868686868687,H
0.3535353535353535,0.7346938775510204,0.62,0.8469387755102041,0.6464646464646465,H
0.13131313131313127,0.8367346938775511,0.9,0.7448979591836735,0.8686868686868687,M
0.3535353535353535,0.7346938775510204,0.62,0.8469387755102041,0.6464646464646465,M
0.12121212121212122,0.8775510204081632,0.98,0.8469387755102041,0.8787878787878788,H
0.2525252525252525,0.8367346938775511,0.72,0.8979591836734694,0.7474747474747475,H
0.8282828282828283,0.2653061224489796,0.18,0.336734693877551,0.1717171717171717,M
0.8585858585858586,0.32653061224489793,0.32,0.2857142857142857,0.1414141414141414,M
0.8787878787878788,0.20408163265306123,0.1,0.12244897959183673,0.12121212121212122,L
0.6565656565656566,0.15306122448979592,0.22,0.08163265306122448,0.3434343434343434,L
0.797979797979798,0.21428571428571427,0.11,0.22448979591836735,0.20202020202020202,M
0.5555555555555556,0.25510204081632654,0.12,0.3877551020408163,0.4444444444444444,M
0.4949494949494949,0.24489795918367346,0.15,0.42857142857142855,0.5050505050505051,M
0.5555555555555556,0.29591836734693877,0.32,0.8979591836734694,0.4444444444444444,M
0.4040404040404041,0.7551020408163265,0.65,0.8367346938775511,0.5959595959595959,H
0.3535353535353535,0.6020408163265306,0.72,0.8979591836734694,0.6464646464646465,H
0.4242424242424242,0.7551020408163265,0.95,0.8979591836734694,0.5757575757575758,M
0.1515151515151515,0.8061224489795918,0.82,0.7959183673469388,0.8484848484848485,M
0.7070707070707071,0.3469387755102041,0.25,0.32653061224489793,0.29292929292929293,M
0.6565656565656566,0.29591836734693877,0.42,0.3877551020408163,0.3434343434343434,M
0.202020202020202,0.4489795918367347,0.55,0.42857142857142855,0.797979797979798,H
0.3535353535353535,0.7040816326530612,0.62,0.4897959183673469,0.6464646464646465,H
0.11111111111111116,0.7551020408163265,0.78,0.8367346938775511,0.8888888888888888,H
0.1515151515151515,0.9081632653061225,0.72,0.8979591836734694,0.8484848484848485,H
0.07070707070707072,0.8469387755102041,0.6,0.22448979591836735,0.9292929292929293,H
0.09090909090909094,0.8469387755102041,0.5,0.12244897959183673,0.9090909090909091,H
0.02020202020202022,0.1326530612244898,0.6,0.02040816326530612,0.9797979797979798,H
0.04040404040404044,0.23469387755102042,0.5,0.09183673469387756,0.9595959595959596,H
0.12121212121212122,0.23469387755102042,0.6,0.10204081632653061,0.8787878787878788,M
0.19191919191919193,0.20408163265306123,0.5,0.14285714285714285,0.8080808080808081,M
0.8484848484848485,0.10204081632653061,0.1,0.20408163265306123,0.15151515151515152,L
0.898989898989899,0.20408163265306123,0.3,0.04081632653061224,0.10101010101010101,L
0.6464646464646464,0.1836734693877551,0.24,0.30612244897959184,0.35353535353535354,M
0.797979797979798,0.336734693877551,0.27,0.3469387755102041,0.20202020202020202,M
0.8484848484848485,0.10204081632653061,0.1,0.20408163265306123,0.15151515151515152,L
0.898989898989899,0.20408163265306123,0.3,0.04081632653061224,0.10101010101010101,L
0.2222222222222222,0.6428571428571429,0.8,0.8367346938775511,0.7777777777777778,M
0.14141414141414144,0.7448979591836735,0.75,0.8061224489795918,0.8585858585858586,M
0.9292929292929293,0.5102040816326531,0.4,0.40816326530612246,0.0707070707070707,L
0.9797979797979798,0.29591836734693877,0.35,0.32653061224489793,0.020202020202020204,L
0.09090909090909094,0.30612244897959184,0.1,0.20408163265306123,0.9090909090909091,M
0.19191919191919193,0.29591836734693877,0.25,0.22448979591836735,0.8080808080808081,M
0.9191919191919192,0.09183673469387756,0.1,0.02040816326530612,0.08080808080808081,L
0.9292929292929293,0.12244897959183673,0.15,0.061224489795918366,0.0707070707070707,L
0.09090909090909094,0.20408163265306123,0.7,0.20408163265306123,0.9090909090909091,M
0.19191919191919193,0.15306122448979592,0.75,0.19387755102040816,0.8080808080808081,M
0.010101010101010055,0.10204081632653061,0.78,0.10204081632653061,0.98989898989899,M
0.101010101010101,0.11224489795918367,0.79,0.1326530612244898,0.898989898989899,M
0.09090909090909094,0.15306122448979592,0.16,0.10204081632653061,0.9090909090909091,M
0.19191919191919193,0.1326530612244898,0.17,0.09183673469387756,0.8080808080808081,M
0.12121212121212122,0.5102040816326531,0.4,0.40816326530612246,0.8787878787878788,M
0.07070707070707072,0.29591836734693877,0.35,0.32653061224489793,0.9292929292929293,M
0.02020202020202022,0.15306122448979592,0.14,0.1326530612244898,0.9797979797979798,H
0.1717171717171717,0.20408163265306123,0.13,0.29591836734693877,0.8282828282828283,H
0.02020202020202022,0.15306122448979592,0.24,0.1326530612244898,0.9797979797979798,H
0.1717171717171717,0.20408163265306123,0.23,0.29591836734693877,0.8282828282828283,H
0.9696969696969697,0.09183673469387756,0.2,0.02040816326530612,0.030303030303030304,L
0.9595959595959596,0.12244897959183673,0.15,0.061224489795918366,0.04040404040404041,L
0.8686868686868687,0.061224489795918366,0.05,0.05102040816326531,0.13131313131313133,L
0.9090909090909091,0.11224489795918367,0.07,0.09183673469387756,0.09090909090909091,L
0.0505050505050505,0.40816326530612246,0.1,0.10204081632653061,0.9494949494949495,M
0.101010101010101,0.21428571428571427,0.25,0.12244897959183673,0.898989898989899,M
0.010101010101010055,0.42857142857142855,0.3,0.20408163265306123,0.98989898989899,H
0.02020202020202022,0.41836734693877553,0.35,0.22448979591836735,0.9797979797979798,H
0.11111111111111116,0.32653061224489793,0.32,0.24489795918367346,0.8888888888888888,M
0.12121212121212122,0.21428571428571427,0.25,0.2653061224489796,0.8787878787878788,M
0.010101010101010055,0.5306122448979592,0.72,0.14285714285714285,0.98989898989899,H
0.09090909090909094,0.5204081632653061,0.75,0.16326530612244897,0.9090909090909091,H
0.11111111111111116,0.3163265306122449,0.2,0.2755102040816326,0.8888888888888888,M
0.010101010101010055,0.41836734693877553,0.1,0.37755102040816324,0.98989898989899,M
0.010101010101010055,0.41836734693877553,0.9,0.37755102040816324,0.98989898989899,H
0.11111111111111116,0.5204081632653061,0.8,0.3877551020408163,0.8888888888888888,H
0.04040404040404044,0.21428571428571427,0.8,0.2755102040816326,0.9595959595959596,H
0.29292929292929293,0.3163265306122449,0.78,0.2857142857142857,0.7070707070707071,H
0.8181818181818181,0.7244897959183674,0.1,0.37755102040816324,0.18181818181818182,M
0.41414141414141414,0.5204081632653061,0.1,0.47959183673469385,0.5858585858585859,M
0.11111111111111116,0.6122448979591837,0.98,0.30612244897959184,0.8888888888888888,H
0.18181818181818177,0.5204081632653061,0.75,0.336734693877551,0.8181818181818182,H
0.8282828282828283,0.5102040816326531,0.1,0.20408163265306123,0.1717171717171717,M
0.9797979797979798,0.29591836734693877,0.35,0.22448979591836735,0.020202020202020204,M
0.797979797979798,0.22448979591836735,0.1,0.9795918367346939,0.20202020202020202,L
0.9090909090909091,0.19387755102040816,0.05,0.9897959183673469,0.09090909090909091,L
0.898989898989899,0.40816326530612246,0.1,0.5102040816326531,0.10101010101010101,L
0.9797979797979798,0.29591836734693877,0.35,0.22448979591836735,0.020202020202020204,L
0.09090909090909094,0.5102040816326531,0.2,0.6122448979591837,0.9090909090909091,M
0.1717171717171717,0.6020408163265306,0.32,0.6326530612244898,0.8282828282828283,M
0.696969696969697,0.5102040816326531,0.1,0.9183673469387755,0.30303030303030304,L
0.7777777777777778,0.6020408163265306,0.12,0.8367346938775511,0.2222222222222222,L
0.797979797979798,0.20408163265306123,0.11,0.9897959183673469,0.20202020202020202,L
0.8787878787878788,0.29591836734693877,0.1,0.9387755102040817,0.12121212121212122,L
0.1717171717171717,0.20408163265306123,0.69,0.2755102040816326,0.8282828282828283,H
0.16161616161616166,0.29591836734693877,0.7,0.32653061224489793,0.8383838383838383,H
0.07070707070707072,0.40816326530612246,0.89,0.2755102040816326,0.9292929292929293,H
0.06060606060606055,0.5,0.79,0.22448979591836735,0.9393939393939394,H
0.09090909090909094,0.21428571428571427,0.15,0.9795918367346939,0.9090909090909091,M
0.2222222222222222,0.3163265306122449,0.2,0.8877551020408163,0.7777777777777778,M
0.898989898989899,0.11224489795918367,0.04,0.061224489795918366,0.10101010101010101,L
1.0,0.01020408163265306,0.05,0.07142857142857142,0.0,L
0.18181818181818177,0.5102040816326531,0.88,0.09183673469387756,0.8181818181818182,M
0.11111111111111116,0.5510204081632653,0.9,0.11224489795918367,0.8888888888888888,M
0.010101010101010055,0.5102040816326531,0.86,0.19387755102040816,0.98989898989899,H
0.09090909090909094,0.5816326530612245,0.9,0.21428571428571427,0.9090909090909091,H
0.08080808080808077,0.5102040816326531,0.78,0.3979591836734694,0.9191919191919192,H
0.010101010101010055,0.5510204081632653,0.7,0.7244897959183674,0.98989898989899,H
0.19191919191919193,0.46938775510204084,0.8,0.6122448979591837,0.8080808080808081,M
0.1717171717171717,0.6020408163265306,0.85,0.6326530612244898,0.8282828282828283,M
0.09090909090909094,0.8775510204081632,0.88,0.8163265306122449,0.9090909090909091,H
0.07070707070707072,0.9081632653061225,0.89,0.8367346938775511,0.9292929292929293,H
0.2828282828282829,0.40816326530612246,0.39,0.25510204081632654,0.7171717171717171,M
0.19191919191919193,0.3469387755102041,0.35,0.21428571428571427,0.8080808080808081,M
0.18181818181818177,0.8163265306122449,0.76,0.8673469387755102,0.8181818181818182,H
0.101010101010101,0.6530612244897959,0.65,0.826530612244898,0.898989898989899,H
0.04040404040404044,0.7142857142857143,0.96,0.7040816326530612,0.9595959595959596,H
0.08080808080808077,0.8877551020408163,0.8,0.7244897959183674,0.9191919191919192,H
0.9090909090909091,0.10204081632653061,0.02,0.0,0.09090909090909091,L
0.9191919191919192,0.19387755102040816,0.03,0.02040816326530612,0.08080808080808081,L
0.202020202020202,0.10204081632653061,0.5,0.30612244897959184,0.797979797979798,M
0.11111111111111116,0.09183673469387756,0.53,0.32653061224489793,0.8888888888888888,M
0.101010101010101,0.12244897959183673,0.7,0.20408163265306123,0.898989898989899,H
0.09090909090909094,0.19387755102040816,0.59,0.42857142857142855,0.9090909090909091,H
0.19191919191919193,0.673469387755102,0.78,0.5102040816326531,0.8080808080808081,M
0.2727272727272727,0.8061224489795918,0.79,0.8367346938775511,0.7272727272727273,M
0.9090909090909091,0.02040816326530612,0.1,0.0,0.09090909090909091,L
0.9292929292929293,0.09183673469387756,0.09,0.02040816326530612,0.0707070707070707,L
0.09090909090909094,0.8775510204081632,0.98,0.7142857142857143,0.9090909090909091,H
0.07070707070707072,0.9081632653061225,0.89,0.8367346938775511,0.9292929292929293,H
0.09090909090909094,0.7755102040816326,0.88,0.8163265306122449,0.9090909090909091,H
0.030303030303030276,0.9081632653061225,0.99,0.8469387755102041,0.9696969696969697,H
0.101010101010101,0.22448979591836735,0.82,0.30612244897959184,0.898989898989899,H
0.07070707070707072,0.29591836734693877,0.84,0.42857142857142855,0.9292929292929293,H
0.303030303030303,0.46938775510204084,0.7,0.4489795918367347,0.696969696969697,M
0.3737373737373737,0.5,0.74,0.42857142857142855,0.6262626262626263,M
0.202020202020202,0.7755102040816326,0.9,0.7959183673469388,0.797979797979798,H
0.2222222222222222,0.8061224489795918,0.84,0.6836734693877551,0.7777777777777778,H
0.19191919191919193,0.6326530612244898,0.8,0.10204081632653061,0.8080808080808081,M
0.1717171717171717,0.7040816326530612,0.81,0.12244897959183673,0.8282828282828283,M
1.0,0.02040816326530612,0.1,0.40816326530612246,0.0,L
0.9797979797979798,0.09183673469387756,0.11,0.4897959183673469,0.020202020202020204,L
0.101010101010101,0.22448979591836735,0.85,0.6122448979591837,0.898989898989899,H
0.101010101010101,0.23469387755102042,0.8,0.6836734693877551,0.898989898989899,H
0.12121212121212122,0.6326530612244898,0.95,0.8163265306122449,0.8787878787878788,M
0.202020202020202,0.7448979591836735,0.87,0.9897959183673469,0.797979797979798,M
0.12121212121212122,0.7346938775510204,0.85,0.09183673469387756,0.8787878787878788,M
0.11111111111111116,0.8061224489795918,0.79,0.19387755102040816,0.8888888888888888,M
0.18181818181818177,0.7244897959183674,0.8,0.29591836734693877,0.8181818181818182,M
0.16161616161616166,0.7142857142857143,0.7,0.22448979591836735,0.8383838383838383,M
0.1717171717171717,0.7755102040816326,0.8,0.1836734693877551,0.8282828282828283,M
0.1717171717171717,0.7653061224489796,0.7,0.2857142857142857,0.8282828282828283,M
0.12121212121212122,0.8775510204081632,0.89,0.14285714285714285,0.8787878787878788,M
0.13131313131313127,0.8673469387755102,0.9,0.09183673469387756,0.8686868686868687,M
0.2222222222222222,0.7755102040816326,0.69,0.7551020408163265,0.7777777777777778,M
0.23232323232323238,0.6632653061224489,0.7,0.7040816326530612,0.7676767676767676,M
0.2727272727272727,0.6530612244897959,0.75,0.3877551020408163,0.7272727272727273,L
0.23232323232323238,0.673469387755102,0.72,0.3979591836734694,0.7676767676767676,L
0.1717171717171717,0.7551020408163265,0.77,0.7959183673469388,0.8282828282828283,M
0.1515151515151515,0.6836734693877551,0.71,0.8061224489795918,0.8484848484848485,M
0.07070707070707072,0.7551020408163265,0.87,0.8979591836734694,0.9292929292929293,H
0.1515151515151515,0.7857142857142857,0.81,0.8571428571428571,0.8484848484848485,H
0.02020202020202022,0.22448979591836735,0.15,0.09183673469387756,0.9797979797979798,H
0.010101010101010055,0.20408163265306123,0.19,0.01020408163265306,0.98989898989899,H
0.1717171717171717,0.5306122448979592,0.25,0.19387755102040816,0.8282828282828283,M
0.21212121212121215,0.40816326530612246,0.29,0.11224489795918367,0.7878787878787878,M
0.12121212121212122,0.5816326530612245,0.45,0.8061224489795918,0.8787878787878788,M
0.11111111111111116,0.4387755102040816,0.39,0.7244897959183674,0.8888888888888888,M
0.09090909090909094,0.5306122448979592,0.85,0.29591836734693877,0.9090909090909091,H
0.08080808080808077,0.5,0.79,0.21428571428571427,0.9191919191919192,H
0.08080808080808077,0.8163265306122449,0.9,0.8163265306122449,0.9191919191919192,H
0.09090909090909094,0.8163265306122449,0.8,0.8367346938775511,0.9090909090909091,H
0.16161616161616166,0.8367346938775511,0.8,0.7142857142857143,0.8383838383838383,M
0.18181818181818177,0.8469387755102041,0.71,0.7244897959183674,0.8181818181818182,M
0.12121212121212122,0.7346938775510204,0.72,0.8979591836734694,0.8787878787878788,M
0.2222222222222222,0.8469387755102041,0.69,0.9285714285714286,0.7777777777777778,M
0.0,0.42857142857142855,0.85,0.9081632653061225,1.0,H
0.030303030303030276,0.45918367346938777,0.89,0.9285714285714286,0.9696969696969697,H
0.1717171717171717,0.6530612244897959,0.8,0.5816326530612245,0.8282828282828283,H
0.06060606060606055,0.6428571428571429,0.87,0.6020408163265306,0.9393939393939394,H
0.9090909090909091,0.14285714285714285,0.15,0.8061224489795918,0.09090909090909091,L
0.9393939393939394,0.15306122448979592,0.09,0.8571428571428571,0.06060606060606061,L
0.13131313131313127,0.8775510204081632,0.81,0.40816326530612246,0.8686868686868687,M
0.1717171717171717,0.7959183673469388,0.78,0.5306122448979592,0.8282828282828283,M
0.12121212121212122,0.7551020408163265,0.8,0.6836734693877551,0.8787878787878788,M
0.11111111111111116,0.8061224489795918,0.85,0.7040816326530612,0.8888888888888888,M
0.9292929292929293,0.04081632653061224,0.02,0.07142857142857142,0.0707070707070707,L
0.9595959595959596,0.05102040816326531,0.05,0.07142857142857142,0.04040404040404041,L
0.2222222222222222,0.14285714285714285,0.5,0.2755102040816326,0.7777777777777778,M
0.2525252525252525,0.25510204081632654,0.55,0.2857142857142857,0.7474747474747475,M
0.8282828282828283,0.14285714285714285,0.3,0.5714285714285714,0.1717171717171717,L
0.8585858585858586,0.23469387755102042,0.35,0.6224489795918368,0.1414141414141414,L
