error_rate,avg_response_time,hint_requests,idle_time,engagement_score,_composite_score,learner_state
0.8383838383838383,0.02040816326530612,0.15,0.19387755102040816,0.16161616161616163,0.5595640074211503,Medium
0.797979797979798,0.030612244897959183,0.2,0.24489795918367346,0.20202020202020202,0.558051948051948,Medium
0.9292929292929293,0.0,0.1,0.29591836734693877,0.0707070707070707,0.517430426716141,Medium
0.7474747474747474,0.05102040816326531,0.3,0.3469387755102041,0.25252525252525254,0.5413914656771799,Medium
0.4949494949494949,0.12244897959183673,0.4,0.5,0.5050505050505051,0.5977829313543599,High
0.696969696969697,0.1326530612244898,0.42,0.7040816326530612,0.30303030303030304,0.4702207792207792,Low
0.8787878787878788,0.0,0.35,0.16326530612244897,0.12121212121212122,0.5100556586270872,Medium
0.898989898989899,0.15306122448979592,0.5,0.21428571428571427,0.10101010101010101,0.4326994434137291,Low
0.7878787878787878,0.16326530612244897,0.12,0.5,0.21212121212121213,0.5138014842300557,Medium
0.19191919191919193,0.25510204081632654,0.7,0.7040816326530612,0.8080808080808081,0.6170037105751391,High
0.11111111111111116,0.30612244897959184,0.5,0.8061224489795918,0.8888888888888888,0.6678571428571428,High
0.9393939393939394,0.19387755102040816,0.19,0.11224489795918367,0.06060606060606061,0.4836604823747681,Low
0.98989898989899,0.0,0.05,0.10204081632653061,0.010101010101010102,0.529239332096475,Medium
0.8585858585858586,0.12244897959183673,0.2,0.1836734693877551,0.1414141414141414,0.521595547309833,Medium
0.29292929292929293,0.4489795918367347,0.62,0.6020408163265306,0.7070707070707071,0.5640797773654916,Medium
0.595959595959596,0.22448979591836735,0.3,0.6632653061224489,0.40404040404040403,0.5274304267161409,Medium
0.696969696969697,0.20408163265306123,0.36,0.8061224489795918,0.30303030303030304,0.4526289424860854,Low
0.8686868686868687,0.35714285714285715,0.55,0.9081632653061225,0.13131313131313133,0.2914378478664193,Low
0.8484848484848485,0.3673469387755102,0.69,0.9693877551020408,0.15151515151515152,0.26130426716141003,Low
0.4949494949494949,0.40816326530612246,0.7,1.0,0.5050505050505051,0.4056400742115028,Low
0.3939393939393939,0.336734693877551,0.6,0.9081632653061225,0.6060606060606061,0.49915584415584413,Low
0.8787878787878788,0.04081632653061224,0.1,0.8061224489795918,0.12121212121212122,0.4554638218923934,Low
0.7878787878787878,0.02040816326530612,0.15,0.9081632653061225,0.21212121212121213,0.47514842300556587,Low
1.0,0.02040816326530612,0.02,0.5,0.0,0.4669183673469388,Low
0.9797979797979798,0.030612244897959183,0.0,0.7040816326530612,0.020202020202020204,0.44735621521335805,Low
0.9292929292929293,0.30612244897959184,0.08,0.3979591836734694,0.0707070707070707,0.44489981447124305,Low
0.8080808080808081,0.25510204081632654,0.19,0.3979591836734694,0.1919191919191919,0.4876493506493508,Low
0.8484848484848485,0.12244897959183673,0.25,0.32653061224489793,0.15151515151515152,0.4947124304267161,Low
0.14141414141414144,0.5306122448979592,0.75,0.42857142857142855,0.8585858585858586,0.6159554730983302,High
0.09090909090909094,0.336734693877551,0.3,0.3469387755102041,0.9090909090909091,0.7797031539888682,High
0.19191919191919193,0.5102040816326531,0.35,0.7040816326530612,0.8080808080808081,0.6359833024118738,High
0.9494949494949495,0.40816326530612246,0.04,0.15306122448979592,0.050505050505050504,0.4601354359925789,Low
0.8080808080808081,0.10204081632653061,0.02,0.5,0.1919191919191919,0.5369554730983302,Medium
0.7777777777777778,0.09183673469387756,0.08,0.3979591836734694,0.2222222222222222,0.5559387755102041,Medium
0.8888888888888888,0.08163265306122448,0.12,0.3979591836734694,0.1111111111111111,0.49997959183673474,Low
0.8787878787878788,0.17346938775510204,0.1,0.29591836734693877,0.12121212121212122,0.5054638218923934,Medium
0.9393939393939394,0.04081632653061224,0.08,0.21428571428571427,0.06060606060606061,0.5209666048237477,Medium
0.4545454545454546,0.2653061224489796,0.45,0.9081632653061225,0.5454545454545454,0.516168831168831,Medium
1.0,0.0,0.0,0.030612244897959183,0.0,0.5454081632653062,Medium
0.09090909090909094,0.37755102040816324,0.5,0.7040816326530612,0.9090909090909091,0.6779684601113173,High
0.8686868686868687,0.030612244897959183,0.14,0.7040816326530612,0.13131313131313133,0.469356215213358,Low
0.797979797979798,0.16326530612244897,0.19,0.5,0.20202020202020202,0.49525602968460114,Low
0.8787878787878788,0.07142857142857142,0.1,0.32653061224489793,0.12121212121212122,0.5212801484230056,Medium
0.6464646464646464,0.2857142857142857,0.3,0.9081632653061225,0.35353535353535354,0.4557235621521336,Low
0.6666666666666667,0.30612244897959184,0.33,0.9081632653061225,0.3333333333333333,0.43655102040816324,Low
0.8787878787878788,0.15306122448979592,0.2,0.7040816326530612,0.12121212121212122,0.4283209647495362,Low
0.898989898989899,0.01020408163265306,0.07,0.29591836734693877,0.10101010101010101,0.5350259740259741,Medium
0.9595959595959596,0.3979591836734694,0.7,0.9081632653061225,0.04040404040404041,0.21236549165120597,Low
0.19191919191919193,0.40816326530612246,0.13,0.8877551020408163,0.8080808080808081,0.6728404452690168,High
0.6060606060606061,0.5102040816326531,0.29,0.7755102040816326,0.3939393939393939,0.4509053803339517,Low
0.8585858585858586,0.12244897959183673,0.2,0.7040816326530612,0.1414141414141414,0.44353432282003713,Low
0.8484848484848485,0.16326530612244897,0.39,0.5,0.15151515151515152,0.43252875695732834,Low
0.09090909090909094,0.16326530612244897,0.55,0.3979591836734694,0.9090909090909091,0.7567439703153989,High
0.29292929292929293,0.19387755102040816,0.49,0.7551020408163265,0.7070707070707071,0.6181410018552876,High
0.4949494949494949,0.08163265306122448,0.12,0.29591836734693877,0.5050505050505051,0.6925584415584416,High
0.8585858585858586,0.061224489795918366,0.16,0.19387755102040816,0.1414141414141414,0.5403098330241187,Medium
0.9494949494949495,0.04081632653061224,0.19,0.0,0.050505050505050504,0.5265640074211503,Medium
0.9797979797979798,0.061224489795918366,0.05,0.04081632653061224,0.020202020202020204,0.5307235621521336,Medium
0.3939393939393939,0.19387755102040816,0.28,0.5,0.6060606060606061,0.6529517625231911,High
0.7777777777777778,0.22448979591836735,0.27,0.3979591836734694,0.2222222222222222,0.4914081632653061,Low
0.898989898989899,0.2857142857142857,0.21,0.19387755102040816,0.10101010101010101,0.46723005565862713,Low
0.29292929292929293,0.32653061224489793,0.5,0.3979591836734694,0.7070707070707071,0.6431818181818183,High
0.09090909090909094,0.7142857142857143,0.8,0.8061224489795918,0.9090909090909091,0.5353153988868274,Medium
0.8686868686868687,0.16326530612244897,0.17,0.11224489795918367,0.13131313131313133,0.5256011131725417,Medium
0.9494949494949495,0.07142857142857142,0.0,0.01020408163265306,0.050505050505050504,0.5569109461966605,Medium
0.9494949494949495,0.1836734693877551,0.13,0.1836734693877551,0.050505050505050504,0.48244155844155845,Low
0.898989898989899,0.19387755102040816,0.25,0.29591836734693877,0.10101010101010101,0.462291280148423,Low
0.24242424242424243,0.23469387755102042,0.65,0.8061224489795918,0.7575757575757576,0.593051948051948,High
0.303030303030303,0.35714285714285715,0.7,0.29591836734693877,0.696969696969697,0.6078200371057514,High
0.595959595959596,0.11224489795918367,0.39,0.32653061224489793,0.40404040404040403,0.5823896103896103,Medium
0.696969696969697,0.10204081632653061,0.22,0.11224489795918367,0.30303030303030304,0.6051187384044527,High
0.7777777777777778,0.09183673469387756,0.29,0.19387755102040816,0.2222222222222222,0.5445510204081632,Medium
0.9797979797979798,0.02040816326530612,0.11,0.07142857142857142,0.020202020202020204,0.5222949907235622,Medium
0.696969696969697,0.2653061224489796,0.19,0.1836734693877551,0.30303030303030304,0.5677513914656771,Medium
1.0,0.061224489795918366,0.12,0.12244897959183673,0.0,0.4953877551020409,Low
0.09090909090909094,0.29591836734693877,0.5,0.6020408163265306,0.9090909090909091,0.7096011131725417,High
0.29292929292929293,0.37755102040816324,0.15,0.4387755102040816,0.7070707070707071,0.6968552875695734,High
0.19191919191919193,0.336734693877551,0.2,0.32653061224489793,0.8080808080808081,0.7573098330241187,High
0.9696969696969697,0.11224489795918367,0.13,0.08163265306122448,0.030303030303030304,0.5029424860853432,Low
0.09090909090909094,0.5,0.8,0.5510204081632653,0.9090909090909091,0.6164378478664192,High
0.8484848484848485,0.10204081632653061,0.08,0.3979591836734694,0.15151515151515152,0.5220797773654917,Medium
0.7474747474747474,0.01020408163265306,0.08,0.7040816326530612,0.25252525252525254,0.5399833024118739,Medium
0.9494949494949495,0.02040816326530612,0.07,0.8061224489795918,0.050505050505050504,0.43372727272727274,Low
0.9595959595959596,0.10204081632653061,0.07,0.5,0.04040404040404041,0.4587736549165121,Low
0.29292929292929293,0.5102040816326531,0.5,0.09183673469387756,0.7070707070707071,0.6523654916512059,High
1.0,0.01020408163265306,0.01,0.11224489795918367,0.0,0.5291224489795918,Medium
0.8787878787878788,0.40816326530612246,0.7,0.5,0.12121212121212122,0.30791280148423006,Low
0.29292929292929293,0.030612244897959183,0.19,0.5,0.7070707070707071,0.7490593692022264,High
0.8787878787878788,0.04081632653061224,0.03,0.32653061224489793,0.12121212121212122,0.5414025974025974,Medium
0.797979797979798,0.01020408163265306,0.05,0.5,0.20202020202020202,0.5538682745825603,Medium
0.9191919191919192,0.10204081632653061,0.04,0.6020408163265306,0.08080808080808081,0.4676493506493507,Low
0.09090909090909094,0.5612244897959183,0.8,0.1836734693877551,0.9090909090909091,0.6592949907235621,High
0.29292929292929293,0.19387755102040816,0.5,0.14285714285714285,0.7070707070707071,0.7079777365491652,High
0.101010101010101,0.40816326530612246,0.55,0.3979591836734694,0.898989898989899,0.7032189239332097,High
0.5555555555555556,0.35714285714285715,0.8,0.09183673469387756,0.4444444444444444,0.5047959183673468,Low
0.19191919191919193,0.02040816326530612,1.0,0.7040816326530612,0.8080808080808081,0.6039424860853432,High
0.3939393939393939,0.11224489795918367,0.14,0.7551020408163265,0.6060606060606061,0.659012987012987,High
0.9797979797979798,0.3877551020408163,0.06,0.11224489795918367,0.020202020202020204,0.4527031539888683,Low
0.9696969696969697,0.0,0.1,0.29591836734693877,0.030303030303030304,0.49924860853432285,Low
0.9292929292929293,0.09183673469387756,0.5,0.5,0.0707070707070707,0.38845083487940635,Low
0.09090909090909094,0.40816326530612246,0.5,0.9081632653061225,0.9090909090909091,0.6412337662337662,High
0.07070707070707072,0.5102040816326531,0.7,0.061224489795918366,0.9292929292929293,0.7169573283858998,High
0.9393939393939394,0.02040816326530612,0.02,0.07142857142857142,0.06060606060606061,0.5584768089053802,Medium
0.9292929292929293,0.061224489795918366,0.01,0.09183673469387756,0.0707070707070707,0.5537977736549166,Medium
0.8787878787878788,0.030612244897959183,0.0,0.02040816326530612,0.12121212121212122,0.5953617810760669,High
1.0,0.05102040816326531,0.0,0.8061224489795918,0.0,0.4188775510204082,Low
0.7373737373737373,0.07142857142857142,0.12,0.3979591836734694,0.26262626262626265,0.5702022263450836,Medium
0.09090909090909094,0.41836734693877553,0.7,0.32653061224489793,0.9090909090909091,0.6864378478664193,High
0.8787878787878788,0.05102040816326531,0.07,0.02040816326530612,0.12121212121212122,0.5772801484230056,Medium
0.29292929292929293,0.30612244897959184,0.9,0.1326530612244898,0.7070707070707071,0.6070593692022264,High
0.11111111111111116,0.5612244897959183,0.7,0.3979591836734694,0.8888888888888888,0.6380612244897959,High
0.19191919191919193,0.5204081632653061,0.77,0.8061224489795918,0.8080808080808081,0.5346363636363636,Medium
0.9494949494949495,0.030612244897959183,0.02,0.5,0.050505050505050504,0.4876048237476809,Low
0.7272727272727273,0.0,0.25,0.6938775510204082,0.2727272727272727,0.5186456400742115,Medium
0.9797979797979798,0.0,0.11,0.5,0.020202020202020204,0.46209090909090916,Low
0.9191919191919192,0.11224489795918367,0.0,0.7040816326530612,0.08080808080808081,0.45830241187384047,Low
0.19191919191919193,0.12244897959183673,0.77,0.1836734693877551,0.8080808080808081,0.707595547309833,High
0.7070707070707071,0.40816326530612246,0.25,0.16326530612244897,0.29292929292929293,0.52569573283859,Medium
0.6464646464646464,0.23469387755102042,0.24,0.21428571428571427,0.35353535353535354,0.5820092764378478,Medium
0.3939393939393939,0.030612244897959183,0.6,0.6020408163265306,0.6060606060606061,0.6062987012987013,High
0.8787878787878788,0.0,0.21,0.5,0.12121212121212122,0.4875454545454546,Low
0.9595959595959596,0.08163265306122448,0.0,0.29591836734693877,0.04040404040404041,0.5074675324675325,Medium
0.09090909090909094,0.5612244897959183,0.66,0.11224489795918367,0.9090909090909091,0.6980092764378478,High
0.010101010101010055,0.07142857142857142,0.7,0.04081632653061224,0.98989898989899,0.8350463821892393,High
0.9393939393939394,0.04081632653061224,0.0,0.14285714285714285,0.06060606060606061,0.5476808905380334,Medium
0.696969696969697,0.0,0.12,0.16326530612244897,0.30303030303030304,0.6378738404452691,High
0.9090909090909091,0.07142857142857142,0.02,0.5510204081632653,0.09090909090909091,0.48997031539888686,Low
0.6666666666666667,0.061224489795918366,0.55,0.08163265306122448,0.3333333333333333,0.5655102040816327,Medium
0.898989898989899,0.20408163265306123,0.12,0.15306122448979592,0.10101010101010101,0.5076790352504639,Medium
0.09090909090909094,0.02040816326530612,0.7,0.01020408163265306,0.9090909090909091,0.81347866419295,High
0.9090909090909091,0.05102040816326531,0.07,0.29591836734693877,0.09090909090909091,0.5223172541743971,Medium
0.5757575757575757,0.20408163265306123,0.8,0.5,0.42424242424242425,0.4650927643784787,Low
0.9696969696969697,0.10204081632653061,0.0,0.02040816326530612,0.030303030303030304,0.5401669758812616,Medium
0.3939393939393939,0.0,0.12,0.7040816326530612,0.6060606060606061,0.6931150278293137,High
0.19191919191919193,0.15306122448979592,0.8,0.7040816326530612,0.8080808080808081,0.6174118738404452,High
0.19191919191919193,0.9693877551020408,0.7,0.7040816326530612,0.8080808080808081,0.4741465677179963,Low
0.19191919191919193,0.9693877551020408,0.7,0.7040816326530612,0.8080808080808081,0.4741465677179963,Low
0.19191919191919193,0.5102040816326531,0.6,0.3979591836734694,0.8080808080808081,0.6319016697588126,High
0.19191919191919193,0.9693877551020408,1.0,0.9081632653061225,0.8080808080808081,0.3835343228200371,Low
0.14141414141414144,0.8673469387755102,1.0,0.7040816326530612,0.8585858585858586,0.4572820037105751,Low
0.3939393939393939,0.05102040816326531,0.1,0.19387755102040816,0.6060606060606061,0.7634415584415585,High
0.3434343434343434,0.5102040816326531,0.19,0.09183673469387756,0.6565656565656566,0.6916382189239333,High
0.24242424242424243,0.5612244897959183,0.1,0.10204081632653061,0.7575757575757576,0.7433580705009276,High
0.09090909090909094,0.5612244897959183,0.8,0.1836734693877551,0.9090909090909091,0.6592949907235621,High
0.898989898989899,0.15306122448979592,0.1,0.1836734693877551,0.10101010101010101,0.5172912801484231,Medium
0.24242424242424243,0.5612244897959183,0.7,0.10204081632653061,0.7575757575757576,0.6233580705009277,High
0.24242424242424243,0.5102040816326531,1.0,0.7040816326530612,0.7575757575757576,0.4832560296846011,Low
0.202020202020202,0.30612244897959184,0.1,0.29591836734693877,0.797979797979798,0.7834786641929499,High
0.4444444444444444,0.30612244897959184,0.6,0.3979591836734694,0.5555555555555556,0.5590816326530612,Medium
0.24242424242424243,0.5102040816326531,1.0,0.7040816326530612,0.7575757575757576,0.4832560296846011,Low
0.19191919191919193,0.5204081632653061,0.8,0.5918367346938775,0.8080808080808081,0.5607792207792207,Medium
0.36363636363636365,0.7244897959183674,0.23,0.8979591836734694,0.6363636363636364,0.5107717996289425,Medium
0.08080808080808077,1.0,1.0,0.3979591836734694,0.9191919191919192,0.5039424860853432,Low
0.48484848484848486,0.40816326530612246,0.1,0.3979591836734694,0.5151515151515151,0.620491651205937,High
0.4949494949494949,0.336734693877551,0.7,0.40816326530612246,0.5050505050505051,0.5087012987012988,Medium
0.41414141414141414,0.7448979591836735,0.7,0.9183673469387755,0.5858585858585859,0.3869016697588126,Low
0.4949494949494949,0.30612244897959184,0.7,0.4897959183673469,0.5050505050505051,0.5025788497217069,Low
0.4949494949494949,0.336734693877551,0.7,0.3979591836734694,0.5050505050505051,0.5102319109461967,Medium
0.48484848484848486,0.4897959183673469,0.22,0.09183673469387756,0.5151515151515151,0.6260834879406308,High
0.31313131313131315,0.4897959183673469,0.62,0.8061224489795918,0.6868686868686869,0.516213358070501,Medium
0.101010101010101,0.5918367346938775,0.82,0.5,0.898989898989899,0.5971781076066791,High
0.19191919191919193,0.5918367346938775,0.72,0.6632653061224489,0.8080808080808081,0.5517792207792207,Medium
0.1717171717171717,0.030612244897959183,0.7,0.7346938775510204,0.8282828282828283,0.6664007421150279,High
0.1717171717171717,0.9489795918367347,0.6,0.42857142857142855,0.8282828282828283,0.5486456400742115,Medium
0.2727272727272727,0.8469387755102041,0.55,0.1326530612244898,0.7272727272727273,0.5779870129870129,Medium
0.3434343434343434,0.7448979591836735,0.72,0.6632653061224489,0.6565656565656566,0.45298515769944336,Low
0.1717171717171717,0.5408163265306123,0.51,0.42857142857142855,0.8282828282828283,0.6482782931354361,High
0.07070707070707072,0.8469387755102041,0.8,0.42857142857142855,0.9292929292929293,0.574508348794063,Medium
0.4747474747474747,0.23469387755102042,0.6,0.32653061224489793,0.5252525252525253,0.5704452690166977,Medium
0.8787878787878788,0.29591836734693877,0.3,0.22448979591836735,0.12121212121212122,0.45168831168831164,Low
0.3737373737373737,0.8469387755102041,0.4,0.32653061224489793,0.6262626262626263,0.5334508348794064,Medium
0.4747474747474747,0.23469387755102042,0.6,0.32653061224489793,0.5252525252525253,0.5704452690166977,Medium
0.7777777777777778,0.5408163265306123,0.2,0.12244897959183673,0.2222222222222222,0.48346938775510206,Low
0.4747474747474747,0.23469387755102042,0.2,0.32653061224489793,0.5252525252525253,0.6504452690166977,High
0.3737373737373737,0.7448979591836735,0.5,0.42857142857142855,0.6262626262626263,0.5185528756957328,Medium
0.9797979797979798,0.1326530612244898,0.1,0.5306122448979592,0.020202020202020204,0.43296846011131734,Low
0.4747474747474747,0.23469387755102042,0.6,0.32653061224489793,0.5252525252525253,0.5704452690166977,Medium
0.4747474747474747,0.8469387755102041,0.15,0.10204081632653061,0.5252525252525253,0.571669758812616,Medium
0.5757575757575757,0.336734693877551,0.8,0.12244897959183673,0.42424242424242425,0.4951948051948052,Low
0.48484848484848486,0.20408163265306123,0.4,0.32653061224489793,0.5151515151515151,0.6120222634508349,High
0.29292929292929293,0.6428571428571429,0.6,0.9387755102040817,0.7070707070707071,0.4787940630797774,Low
0.3737373737373737,0.1326530612244898,0.5,0.32653061224489793,0.6262626262626263,0.6563079777365493,High
0.24242424242424243,0.6326530612244898,0.85,0.5306122448979592,0.7575757575757576,0.5147866419294991,Medium
0.8484848484848485,0.32653061224489793,0.25,0.5306122448979592,0.15151515151515152,0.42328385899814475,Low
0.6464646464646464,0.30612244897959184,0.1,0.12244897959183673,0.35353535353535354,0.6094990723562153,High
0.3434343434343434,0.8367346938775511,0.87,0.32653061224489793,0.6565656565656566,0.4551280148423006,Low
0.8484848484848485,0.22448979591836735,0.85,0.5306122448979592,0.15151515151515152,0.3236920222634508,Low
0.2828282828282829,0.5306122448979592,0.8,0.5102040816326531,0.7171717171717171,0.5300742115027829,Medium
0.2828282828282829,0.7346938775510204,0.75,0.5306122448979592,0.7171717171717171,0.4961966604823747,Low
0.33333333333333337,0.12244897959183673,0.85,0.22448979591836735,0.6666666666666666,0.6218367346938775,High
0.7474747474747474,0.32653061224489793,0.23,0.5306122448979592,0.25252525252525254,0.4727384044526903,Low
0.7474747474747474,0.37755102040816324,0.15,0.12244897959183673,0.25252525252525254,0.5397588126159555,Medium
0.08080808080808077,0.6326530612244898,0.95,0.5306122448979592,0.9191919191919192,0.5675139146567718,Medium
0.24242424242424243,0.6326530612244898,0.81,0.5306122448979592,0.7575757575757576,0.5227866419294991,Medium
0.24242424242424243,0.7346938775510204,0.53,0.22448979591836735,0.7575757575757576,0.6042968460111316,High
0.5656565656565656,0.42857142857142855,0.15,0.32653061224489793,0.43434343434343436,0.5807606679035251,Medium
0.3434343434343434,0.6326530612244898,0.92,0.5306122448979592,0.6565656565656566,0.45533209647495365,Low
0.24242424242424243,0.6326530612244898,0.83,0.5306122448979592,0.7575757575757576,0.5187866419294991,Medium
0.8484848484848485,0.42857142857142855,0.27,0.5306122448979592,0.15151515151515152,0.3988756957328386,Low
0.04040404040404044,0.12244897959183673,0.45,0.12244897959183673,0.9595959595959596,0.8489610389610389,High
0.09090909090909094,0.5306122448979592,0.15,0.8367346938775511,0.9090909090909091,0.6974582560296846,High
0.41414141414141414,0.5306122448979592,0.45,0.42857142857142855,0.5858585858585859,0.5532282003710575,Medium
0.9494949494949495,0.12244897959183673,0.25,0.32653061224489793,0.050505050505050504,0.4492578849721707,Low
0.48484848484848486,0.42857142857142855,0.22,0.3979591836734694,0.5151515151515151,0.5924100185528757,Medium
0.898989898989899,0.12244897959183673,0.29,0.23469387755102042,0.10101010101010101,0.477760667903525,Low
0.48484848484848486,0.42857142857142855,0.72,0.23469387755102042,0.5151515151515151,0.516899814471243,Medium
0.6868686868686869,0.42857142857142855,0.67,0.1326530612244898,0.31313131313131315,0.45129684601113174,Low
0.7878787878787878,0.42857142857142855,0.17,0.1326530612244898,0.21212121212121213,0.5058423005565863,Medium
0.5858585858585859,0.5,0.27,0.1326530612244898,0.41414141414141414,0.5624656771799629,Medium
0.18181818181818177,0.3979591836734694,0.7,0.8469387755102041,0.8181818181818182,0.5715491651205937,Medium
0.09090909090909094,0.8367346938775511,0.27,0.1326530612244898,0.9090909090909091,0.7178460111317253,High
0.38383838383838387,0.42857142857142855,0.17,0.1326530612244898,0.6161616161616161,0.6876604823747681,High
0.18181818181818177,0.42857142857142855,0.87,0.1836734693877551,0.8181818181818182,0.6309165120593692,High
0.38383838383838387,0.22448979591836735,0.07,0.1326530612244898,0.6161616161616161,0.7484768089053803,High
0.4949494949494949,0.02040816326530612,0.17,0.030612244897959183,0.5050505050505051,0.7345992578849723,High
0.7878787878787878,0.42857142857142855,0.05,0.1326530612244898,0.21212121212121213,0.5298423005565863,Medium
0.5858585858585859,0.32653061224489793,0.27,0.6122448979591837,0.41414141414141414,0.5252207792207791,Medium
0.11111111111111116,0.40816326530612246,0.87,0.09183673469387756,0.8888888888888888,0.6805918367346939,High
0.38383838383838387,0.42857142857142855,0.96,0.9489795918367347,0.6161616161616161,0.40721150278293133,Low
0.48484848484848486,0.46938775510204084,0.57,0.336734693877551,0.5151515151515151,0.5234304267161409,Medium
0.303030303030303,0.41836734693877553,0.77,0.12244897959183673,0.696969696969697,0.6075955473098331,High
0.48484848484848486,0.40816326530612246,0.8,0.23469387755102042,0.5151515151515151,0.5049814471243042,Low
0.38383838383838387,0.8367346938775511,0.62,0.3979591836734694,0.6161616161616161,0.47623191094619666,Low
0.16161616161616166,0.12244897959183673,0.72,0.9081632653061225,0.8383838383838383,0.6225584415584415,High
0.18181818181818177,0.22448979591836735,0.87,0.7040816326530612,0.8181818181818182,0.5936716141001855,High
0.09090909090909094,0.12244897959183673,0.72,0.29591836734693877,0.9090909090909091,0.7462133580705009,High
0.8888888888888888,0.6326530612244898,0.02,0.29591836734693877,0.1111111111111111,0.42508163265306126,Low
0.9696969696969697,0.02040816326530612,0.05,0.09183673469387756,0.030303030303030304,0.5357792207792208,Medium
0.1515151515151515,0.7857142857142857,0.73,0.8163265306122449,0.8484848484848485,0.5062263450834878,Medium
0.8282828282828283,0.21428571428571427,0.05,0.09183673469387756,0.1717171717171717,0.5606400742115027,Medium
0.5757575757575757,0.12244897959183673,0.51,0.2857142857142857,0.42424242424242425,0.5715621521335806,Medium
0.9292929292929293,0.21428571428571427,0.09,0.19387755102040816,0.0707070707070707,0.4918794063079778,Low
0.2727272727272727,0.15306122448979592,0.19,0.5,0.7272727272727273,0.7336604823747681,High
0.19191919191919193,0.5918367346938775,0.32,0.45918367346938777,0.8080808080808081,0.66239146567718,High
0.3939393939393939,0.5918367346938775,0.32,0.6632653061224489,0.6060606060606061,0.54087012987013,Medium
0.9191919191919192,0.1836734693877551,0.12,0.25510204081632654,0.08080808080808081,0.48736363636363644,Low
0.898989898989899,0.1326530612244898,0.52,0.05102040816326531,0.10101010101010101,0.4572708719851577,Low
0.19191919191919193,0.5918367346938775,0.72,0.6632653061224489,0.8080808080808081,0.5517792207792207,Medium
0.19191919191919193,0.5918367346938775,0.72,0.6632653061224489,0.8080808080808081,0.5517792207792207,Medium
0.19191919191919193,0.8979591836734694,0.92,0.7653061224489796,0.8080808080808081,0.4352486085343228,Low
0.19191919191919193,1.0,0.72,0.9693877551020408,0.8080808080808081,0.4242282003710575,Low
0.19191919191919193,0.5918367346938775,0.72,0.8673469387755102,0.8080808080808081,0.5211669758812616,Medium
0.797979797979798,0.1836734693877551,0.22,0.05102040816326531,0.20202020202020202,0.5525213358070501,Medium
0.797979797979798,0.3877551020408163,0.12,0.45918367346938777,0.20202020202020202,0.4704805194805195,Low
0.07070707070707072,0.8469387755102041,0.7,0.8571428571428571,0.9292929292929293,0.5302226345083487,Medium
0.595959595959596,0.5306122448979592,0.5,0.6632653061224489,0.40404040404040403,0.42620593692022263,Low
0.0505050505050505,0.6326530612244898,0.8,0.7755102040816326,0.9494949494949495,0.5744155844155844,Medium
0.5151515151515151,0.8367346938775511,0.87,0.9693877551020408,0.48484848484848486,0.28142671614100184,Low
0.595959595959596,0.02040816326530612,0.7,0.15306122448979592,0.40404040404040403,0.5647773654916511,Medium
0.13131313131313127,0.6326530612244898,0.65,0.3979591836734694,0.8686868686868687,0.6246846011131726,High
0.9393939393939394,0.32653061224489793,0.15,0.3979591836734694,0.06060606060606061,0.4222727272727273,Low
0.2525252525252525,0.32653061224489793,0.19,0.16326530612244897,0.7474747474747475,0.7585677179962895,High
0.23232323232323238,0.8367346938775511,0.69,0.9489795918367347,0.7676767676767676,0.447760667903525,Low
0.7373737373737373,0.12244897959183673,0.39,0.4387755102040816,0.26262626262626265,0.49987569573283863,Low
0.02020202020202022,0.42857142857142855,0.59,0.7040816326530612,0.9797979797979798,0.681582560296846,High
0.8282828282828283,0.12244897959183673,0.1,0.3979591836734694,0.1717171717171717,0.5230890538033396,Medium
0.12121212121212122,0.7346938775510204,0.8,0.6020408163265306,0.8787878787878788,0.5482096474953617,Medium
0.0,0.673469387755102,0.7,0.6530612244897959,1.0,0.6273469387755102,High
0.02020202020202022,0.8775510204081632,0.8,0.9591836734693877,0.9797979797979798,0.5115213358070501,Medium
0.6565656565656566,0.12244897959183673,0.69,0.16326530612244897,0.3434343434343434,0.5175658627087198,Medium
0.8282828282828283,0.12244897959183673,0.1,0.1326530612244898,0.1717171717171717,0.5628849721706864,Medium
0.02020202020202022,0.8367346938775511,0.61,0.6428571428571429,0.9797979797979798,0.6051335807050093,High
0.7272727272727273,0.5306122448979592,0.21,0.336734693877551,0.2727272727272727,0.4740946196660482,Low
0.0505050505050505,0.42857142857142855,0.49,0.061224489795918366,0.9494949494949495,0.7843747680890538,High
0.3535353535353535,0.42857142857142855,0.7,0.3163265306122449,0.6464646464646465,0.5677458256029685,Medium
0.1515151515151515,0.8367346938775511,0.79,0.3673469387755102,0.8484848484848485,0.551369202226345,Medium
0.19191919191919193,0.12244897959183673,0.19,0.16326530612244897,0.8080808080808081,0.826656771799629,High
0.29292929292929293,0.32653061224489793,0.11,0.2857142857142857,0.7070707070707071,0.7380185528756957,High
0.9191919191919192,0.10204081632653061,0.1,0.09183673469387756,0.08080808080808081,0.5321799628942486,Medium
0.7171717171717171,0.40816326530612246,0.18,0.19387755102040816,0.2828282828282828,0.5305584415584417,Medium
0.1515151515151515,0.5306122448979592,0.9,0.29591836734693877,0.8484848484848485,0.6013079777365491,High
0.18181818181818177,0.32653061224489793,0.92,0.35714285714285715,0.8181818181818182,0.6153042671614101,High
0.7878787878787878,0.02040816326530612,0.42,0.15306122448979592,0.21212121212121213,0.534413729128015,Medium
0.797979797979798,0.061224489795918366,0.22,0.25510204081632654,0.20202020202020202,0.5463988868274583,Medium
0.1717171717171717,0.8367346938775511,0.95,0.7040816326530612,0.8282828282828283,0.4597680890538033,Low
0.3737373737373737,0.8163265306122449,0.9,0.6020408163265306,0.6262626262626263,0.39824675324675324,Low
0.7878787878787878,0.22448979591836735,0.72,0.25510204081632654,0.21212121212121213,0.418291280148423,Low
0.6868686868686869,0.42857142857142855,0.92,0.2653061224489796,0.31313131313131315,0.38139888682745826,Low
0.6868686868686869,0.5306122448979592,0.82,0.24489795918367346,0.31313131313131315,0.3840519480519481,Low
0.5858585858585859,0.46938775510204084,0.72,0.2653061224489796,0.41414141414141414,0.4586901669758813,Low
0.2828282828282829,0.5714285714285714,0.74,0.3673469387755102,0.7171717171717171,0.5553395176252318,Medium
0.3939393939393939,0.5714285714285714,0.74,0.3673469387755102,0.6060606060606061,0.505339517625232,Low
0.0505050505050505,0.7346938775510204,0.95,0.8061224489795918,0.9494949494949495,0.5194155844155844,Medium
0.12121212121212122,0.8367346938775511,0.97,0.8673469387755102,0.8787878787878788,0.4540055658627087,Low
0.6161616161616161,0.32653061224489793,0.4,0.35714285714285715,0.3838383838383838,0.5238497217068646,Medium
0.6060606060606061,0.35714285714285715,0.41,0.3877551020408163,0.3939393939393939,0.5156808905380333,Medium
0.202020202020202,0.8673469387755102,0.51,0.8979591836734694,0.797979797979798,0.4989276437847866,Low
0.202020202020202,0.9285714285714286,0.81,0.8571428571428571,0.797979797979798,0.4328051948051948,Low
0.29292929292929293,0.6632653061224489,0.71,0.6938775510204082,0.7070707070707071,0.4894471243042672,Low
0.2828282828282829,0.7755102040816326,0.75,0.8061224489795918,0.7171717171717171,0.4467068645640074,Low
0.6363636363636364,0.32653061224489793,0.49,0.4387755102040816,0.36363636363636365,0.4845139146567719,Low
0.7575757575757576,0.12244897959183673,0.42,0.23469387755102042,0.24242424242424243,0.5153970315398887,Medium
0.13131313131313127,0.8367346938775511,0.9,0.7448979591836735,0.8686868686868687,0.48182745825602974,Low
0.3535353535353535,0.7346938775510204,0.62,0.8469387755102041,0.6464646464646465,0.44292949907235624,Low
0.13131313131313127,0.8367346938775511,0.9,0.7448979591836735,0.8686868686868687,0.48182745825602974,Low
0.3535353535353535,0.7346938775510204,0.62,0.8469387755102041,0.6464646464646465,0.44292949907235624,Low
0.12121212121212122,0.8775510204081632,0.98,0.8469387755102041,0.8787878787878788,0.4469035250463822,Low
0.2525252525252525,0.8367346938775511,0.72,0.8979591836734694,0.7474747474747475,0.44032282003710577,Low
0.8282828282828283,0.2653061224489796,0.18,0.336734693877551,0.1717171717171717,0.4877012987012987,Low
0.8585858585858586,0.32653061224489793,0.32,0.2857142857142857,0.1414141414141414,0.4414730983302412,Low
0.8787878787878788,0.20408163265306123,0.1,0.12244897959183673,0.12121212121212122,0.5253617810760669,Medium
0.6565656565656566,0.15306122448979592,0.22,0.08163265306122448,0.3434343434343434,0.6176883116883117,High
0.797979797979798,0.21428571428571427,0.11,0.22448979591836735,0.20202020202020202,0.5423784786641929,Medium
0.5555555555555556,0.25510204081632654,0.12,0.3877551020408163,0.4444444444444444,0.6168163265306122,High
0.4949494949494949,0.24489795918367346,0.15,0.42857142857142855,0.5050505050505051,0.6340074211502784,High
0.5555555555555556,0.29591836734693877,0.32,0.8979591836734694,0.4444444444444444,0.49212244897959184,Low
0.4040404040404041,0.7551020408163265,0.65,0.8367346938775511,0.5959595959595959,0.4116512059369202,Low
0.3535353535353535,0.6020408163265306,0.72,0.8979591836734694,0.6464646464646465,0.4418070500927644,Low
0.4242424242424242,0.7551020408163265,0.95,0.8979591836734694,0.5757575757575758,0.3333766233766234,Low
0.1515151515151515,0.8061224489795918,0.82,0.7959183673469388,0.8484848484848485,0.4872059369202226,Low
0.7070707070707071,0.3469387755102041,0.25,0.32653061224489793,0.29292929292929293,0.5134508348794063,Medium
0.6565656565656566,0.29591836734693877,0.42,0.3877551020408163,0.3434343434343434,0.5031985157699443,Low
0.202020202020202,0.4489795918367347,0.55,0.42857142857142855,0.797979797979798,0.6450092764378479,High
0.3535353535353535,0.7040816326530612,0.62,0.4897959183673469,0.6464646464646465,0.5026233766233766,Low
0.11111111111111116,0.7551020408163265,0.78,0.8367346938775511,0.8888888888888888,0.5174693877551021,Medium
0.1515151515151515,0.9081632653061225,0.72,0.8979591836734694,0.8484848484848485,0.4714916512059369,Low
0.07070707070707072,0.8469387755102041,0.6,0.22448979591836735,0.9292929292929293,0.6451205936920222,High
0.09090909090909094,0.8469387755102041,0.5,0.12244897959183673,0.9090909090909091,0.6713358070500928,High
0.02020202020202022,0.1326530612244898,0.6,0.02040816326530612,0.9797979797979798,0.841317254174397,High
0.04040404040404044,0.23469387755102042,0.5,0.09183673469387756,0.9595959595959596,0.8211038961038961,High
0.12121212121212122,0.23469387755102042,0.6,0.10204081632653061,0.8787878787878788,0.7632096474953618,High
0.19191919191919193,0.20408163265306123,0.5,0.14285714285714285,0.8080808080808081,0.75139146567718,High
0.8484848484848485,0.10204081632653061,0.1,0.20408163265306123,0.15151515151515152,0.5471614100185529,Medium
0.898989898989899,0.20408163265306123,0.3,0.04081632653061224,0.10101010101010101,0.4885157699443413,Low
0.6464646464646464,0.1836734693877551,0.24,0.30612244897959184,0.35353535353535354,0.5784378478664193,Medium
0.797979797979798,0.336734693877551,0.27,0.3469387755102041,0.20202020202020202,0.4675213358070501,Low
0.8484848484848485,0.10204081632653061,0.1,0.20408163265306123,0.15151515151515152,0.5471614100185529,Medium
0.898989898989899,0.20408163265306123,0.3,0.04081632653061224,0.10101010101010101,0.4885157699443413,Low
0.2222222222222222,0.6428571428571429,0.8,0.8367346938775511,0.7777777777777778,0.48591836734693883,Low
0.14141414141414144,0.7448979591836735,0.75,0.8061224489795918,0.8585858585858586,0.516465677179963,Medium
0.9292929292929293,0.5102040816326531,0.4,0.40816326530612246,0.0707070707070707,0.33855287569573284,Low
0.9797979797979798,0.29591836734693877,0.35,0.32653061224489793,0.020202020202020204,0.38092764378478666,Low
0.09090909090909094,0.30612244897959184,0.1,0.20408163265306123,0.9090909090909091,0.8472541743970315,High
0.19191919191919193,0.29591836734693877,0.25,0.22448979591836735,0.8080808080808081,0.7707792207792208,High
0.9191919191919192,0.09183673469387756,0.1,0.02040816326530612,0.08080808080808081,0.5449350649350649,Medium
0.9292929292929293,0.12244897959183673,0.15,0.061224489795918366,0.0707070707070707,0.5181447124304267,Medium
0.09090909090909094,0.20408163265306123,0.7,0.20408163265306123,0.9090909090909091,0.7476623376623376,High
0.19191919191919193,0.15306122448979592,0.75,0.19387755102040816,0.8080808080808081,0.7039424860853432,High
0.010101010101010055,0.10204081632653061,0.78,0.10204081632653061,0.98989898989899,0.8037402597402599,High
0.101010101010101,0.11224489795918367,0.79,0.1326530612244898,0.898989898989899,0.7541985157699443,High
0.09090909090909094,0.15306122448979592,0.16,0.10204081632653061,0.9090909090909091,0.8811725417439703,High
0.19191919191919193,0.1326530612244898,0.17,0.09183673469387756,0.8080808080808081,0.8393302411873841,High
0.12121212121212122,0.5102040816326531,0.4,0.40816326530612246,0.8787878787878788,0.7021892393320964,High
0.07070707070707072,0.29591836734693877,0.35,0.32653061224489793,0.9292929292929293,0.7900185528756957,High
0.02020202020202022,0.15306122448979592,0.14,0.1326530612244898,0.9797979797979798,0.9123988868274583,High
0.1717171717171717,0.20408163265306123,0.13,0.29591836734693877,0.8282828282828283,0.8115231910946197,High
0.02020202020202022,0.15306122448979592,0.24,0.1326530612244898,0.9797979797979798,0.8923988868274583,High
0.1717171717171717,0.20408163265306123,0.23,0.29591836734693877,0.8282828282828283,0.7915231910946198,High
0.9696969696969697,0.09183673469387756,0.2,0.02040816326530612,0.030303030303030304,0.5022077922077922,Low
0.9595959595959596,0.12244897959183673,0.15,0.061224489795918366,0.04040404040404041,0.5045083487940631,Low
0.8686868686868687,0.061224489795918366,0.05,0.05102040816326531,0.13131313131313133,0.5791929499072356,Medium
0.9090909090909091,0.11224489795918367,0.07,0.09183673469387756,0.09090909090909091,0.5406846011131726,Medium
0.0505050505050505,0.40816326530612246,0.1,0.10204081632653061,0.9494949494949495,0.8603339517625234,High
0.101010101010101,0.21428571428571427,0.25,0.12244897959183673,0.898989898989899,0.8433209647495363,High
0.010101010101010055,0.42857142857142855,0.3,0.20408163265306123,0.98989898989899,0.8191280148423006,High
0.02020202020202022,0.41836734693877553,0.35,0.22448979591836735,0.9797979797979798,0.8035621521335806,High
0.11111111111111116,0.32653061224489793,0.32,0.24489795918367346,0.8888888888888888,0.7839591836734694,High
0.12121212121212122,0.21428571428571427,0.25,0.2653061224489796,0.8787878787878788,0.8128014842300557,High
0.010101010101010055,0.5306122448979592,0.72,0.14285714285714285,0.98989898989899,0.7239035250463823,High
0.09090909090909094,0.5204081632653061,0.75,0.16326530612244897,0.9090909090909091,0.6805194805194804,High
0.11111111111111116,0.3163265306122449,0.2,0.2755102040816326,0.8888888888888888,0.8054081632653062,High
0.010101010101010055,0.41836734693877553,0.1,0.37755102040816324,0.98989898989899,0.8351484230055659,High
0.010101010101010055,0.41836734693877553,0.9,0.37755102040816324,0.98989898989899,0.675148423005566,High
0.11111111111111116,0.5204081632653061,0.8,0.3877551020408163,0.8888888888888888,0.6277551020408163,High
0.04040404040404044,0.21428571428571427,0.8,0.2755102040816326,0.9595959595959596,0.737634508348794,High
0.29292929292929293,0.3163265306122449,0.78,0.2857142857142857,0.7070707070707071,0.6060593692022264,High
0.8181818181818181,0.7244897959183674,0.1,0.37755102040816324,0.18181818181818182,0.41028756957328394,Low
0.41414141414141414,0.5204081632653061,0.1,0.47959183673469385,0.5858585858585859,0.6176159554730983,High
0.11111111111111116,0.6122448979591837,0.98,0.30612244897959184,0.8888888888888888,0.5856326530612245,Medium
0.18181818181818177,0.5204081632653061,0.75,0.336734693877551,0.8181818181818182,0.6135899814471243,High
0.8282828282828283,0.5102040816326531,0.1,0.20408163265306123,0.1717171717171717,0.47461966604823747,Low
0.9797979797979798,0.29591836734693877,0.35,0.22448979591836735,0.020202020202020204,0.39623376623376627,Low
0.797979797979798,0.22448979591836735,0.1,0.9795918367346939,0.20202020202020202,0.4290723562152133,Low
0.9090909090909091,0.19387755102040816,0.05,0.9897959183673469,0.09090909090909091,0.3936641929499073,Low
0.898989898989899,0.40816326530612246,0.1,0.5102040816326531,0.10101010101010101,0.417291280148423,Low
0.9797979797979798,0.29591836734693877,0.35,0.22448979591836735,0.020202020202020204,0.39623376623376627,Low
0.09090909090909094,0.5102040816326531,0.2,0.6122448979591837,0.9090909090909091,0.7252133580705009,High
0.1717171717171717,0.6020408163265306,0.32,0.6326530612244898,0.8282828282828283,0.6434211502782932,High
0.696969696969697,0.5102040816326531,0.1,0.9183673469387755,0.30303030303030304,0.42656771799628945,Low
0.7777777777777778,0.6020408163265306,0.12,0.8367346938775511,0.2222222222222222,0.3800816326530612,Low
0.797979797979798,0.20408163265306123,0.11,0.9897959183673469,0.20202020202020202,0.42962337662337663,Low
0.8787878787878788,0.29591836734693877,0.1,0.9387755102040817,0.12121212121212122,0.3845454545454545,Low
0.1717171717171717,0.20408163265306123,0.69,0.2755102040816326,0.8282828282828283,0.7025844155844156,High
0.16161616161616166,0.29591836734693877,0.7,0.32653061224489793,0.8383838383838383,0.6791094619666048,High
0.07070707070707072,0.40816326530612246,0.89,0.2755102040816326,0.9292929292929293,0.6672226345083488,High
0.06060606060606055,0.5,0.79,0.22448979591836735,0.9393939393939394,0.6810538033395176,High
0.09090909090909094,0.21428571428571427,0.15,0.9795918367346939,0.9090909090909091,0.7392949907235622,High
0.2222222222222222,0.3163265306122449,0.2,0.8877551020408163,0.7777777777777778,0.6635714285714287,High
0.898989898989899,0.11224489795918367,0.04,0.061224489795918366,0.10101010101010101,0.555821892393321,Medium
1.0,0.01020408163265306,0.05,0.07142857142857142,0.0,0.5272448979591837,Medium
0.18181818181818177,0.5102040816326531,0.88,0.09183673469387756,0.8181818181818182,0.6263654916512059,High
0.11111111111111116,0.5510204081632653,0.9,0.11224489795918367,0.8888888888888888,0.6429591836734694,High
0.010101010101010055,0.5102040816326531,0.86,0.19387755102040816,0.98989898989899,0.6923320964749538,High
0.09090909090909094,0.5816326530612245,0.9,0.21428571428571427,0.9090909090909091,0.6306215213358071,High
0.08080808080808077,0.5102040816326531,0.78,0.3979591836734694,0.9191919191919192,0.6459016697588127,High
0.010101010101010055,0.5510204081632653,0.7,0.7244897959183674,0.98989898989899,0.6365769944341373,High
0.19191919191919193,0.46938775510204084,0.8,0.6122448979591837,0.8080808080808081,0.5679220779220778,Medium
0.1717171717171717,0.6020408163265306,0.85,0.6326530612244898,0.8282828282828283,0.5374211502782932,Medium
0.09090909090909094,0.8775510204081632,0.88,0.8163265306122449,0.9090909090909091,0.4851317254174397,Low
0.07070707070707072,0.9081632653061225,0.89,0.8367346938775511,0.9292929292929293,0.48303896103896105,Low
0.2828282828282829,0.40816326530612246,0.39,0.25510204081632654,0.7171717171717171,0.6748293135435992,High
0.19191919191919193,0.3469387755102041,0.35,0.21428571428571427,0.8080808080808081,0.7421057513914657,High
0.18181818181818177,0.8163265306122449,0.76,0.8673469387755102,0.8181818181818182,0.4728144712430427,Low
0.101010101010101,0.6530612244897959,0.65,0.826530612244898,0.898989898989899,0.5699536178107607,Medium
0.04040404040404044,0.7142857142857143,0.96,0.7040816326530612,0.9595959595959596,0.5413487940630797,Medium
0.08080808080808077,0.8877551020408163,0.8,0.7244897959183674,0.9191919191919192,0.5174118738404452,Medium
0.9090909090909091,0.10204081632653061,0.02,0.0,0.09090909090909091,0.5665009276437849,Medium
0.9191919191919192,0.19387755102040816,0.03,0.02040816326530612,0.08080808080808081,0.5385269016697588,Medium
0.202020202020202,0.10204081632653061,0.5,0.30612244897959184,0.797979797979798,0.7427643784786642,High
0.11111111111111116,0.09183673469387756,0.53,0.32653061224489793,0.8888888888888888,0.7766530612244897,High
0.101010101010101,0.12244897959183673,0.7,0.20408163265306123,0.898989898989899,0.759443413729128,High
0.09090909090909094,0.19387755102040816,0.59,0.42857142857142855,0.9090909090909091,0.7380296846011132,High
0.19191919191919193,0.673469387755102,0.78,0.5102040816326531,0.8080808080808081,0.5464118738404452,Medium
0.2727272727272727,0.8061224489795918,0.79,0.8367346938775511,0.7272727272727273,0.4325380333951762,Low
0.9090909090909091,0.02040816326530612,0.1,0.0,0.09090909090909091,0.5668274582560298,Medium
0.9292929292929293,0.09183673469387756,0.09,0.02040816326530612,0.0707070707070707,0.5423896103896104,Medium
0.09090909090909094,0.8775510204081632,0.98,0.7142857142857143,0.9090909090909091,0.4804378478664193,Low
0.07070707070707072,0.9081632653061225,0.89,0.8367346938775511,0.9292929292929293,0.48303896103896105,Low
0.09090909090909094,0.7755102040816326,0.88,0.8163265306122449,0.9090909090909091,0.5055398886827458,Medium
0.030303030303030276,0.9081632653061225,0.99,0.8469387755102041,0.9696969696969697,0.47969016697588124,Low
0.101010101010101,0.22448979591836735,0.82,0.30612244897959184,0.898989898989899,0.6997291280148424,High
0.07070707070707072,0.29591836734693877,0.84,0.42857142857142855,0.9292929292929293,0.6767124304267161,High
0.303030303030303,0.46938775510204084,0.7,0.4489795918367347,0.696969696969697,0.5624118738404453,Medium
0.3737373737373737,0.5,0.74,0.42857142857142855,0.6262626262626263,0.5195324675324675,Medium
0.202020202020202,0.7755102040816326,0.9,0.7959183673469388,0.797979797979798,0.4546011131725417,Low
0.2222222222222222,0.8061224489795918,0.84,0.6836734693877551,0.7777777777777778,0.46822448979591846,Low
0.19191919191919193,0.6326530612244898,0.8,0.10204081632653061,0.8080808080808081,0.6117996289424861,High
0.1717171717171717,0.7040816326530612,0.81,0.12244897959183673,0.8282828282828283,0.6015435992578849,High
1.0,0.02040816326530612,0.1,0.40816326530612246,0.0,0.4646938775510205,Low
0.9797979797979798,0.09183673469387756,0.11,0.4897959183673469,0.020202020202020204,0.44525417439703163,Low
0.101010101010101,0.22448979591836735,0.85,0.6122448979591837,0.898989898989899,0.6478107606679037,High
0.101010101010101,0.23469387755102042,0.8,0.6836734693877551,0.898989898989899,0.6450556586270872,High
0.12121212121212122,0.6326530612244898,0.95,0.8163265306122449,0.8787878787878788,0.5064749536178107,Medium
0.202020202020202,0.7448979591836735,0.87,0.9897959183673469,0.797979797979798,0.4376419294990724,Low
0.12121212121212122,0.7346938775510204,0.85,0.09183673469387756,0.8787878787878788,0.6147402597402598,High
0.11111111111111116,0.8061224489795918,0.79,0.19387755102040816,0.8888888888888888,0.6016938775510204,High
0.18181818181818177,0.7244897959183674,0.8,0.29591836734693877,0.8181818181818182,0.5688961038961039,Medium
0.16161616161616166,0.7142857142857143,0.7,0.22448979591836735,0.8383838383838383,0.6107421150278293,High
0.1717171717171717,0.7755102040816326,0.8,0.1836734693877551,0.8282828282828283,0.5800742115027829,Medium
0.1717171717171717,0.7653061224489796,0.7,0.2857142857142857,0.8282828282828283,0.5868089053803339,Medium
0.12121212121212122,0.8775510204081632,0.89,0.14285714285714285,0.8787878787878788,0.5705157699443414,Medium
0.13131313131313127,0.8673469387755102,0.9,0.09183673469387756,0.8686868686868687,0.5736641929499073,Medium
0.2222222222222222,0.7755102040816326,0.69,0.7551020408163265,0.7777777777777778,0.4936326530612245,Low
0.23232323232323238,0.6632653061224489,0.7,0.7040816326530612,0.7676767676767676,0.5171892393320965,Medium
0.2727272727272727,0.6530612244897959,0.75,0.3877551020408163,0.7272727272727273,0.5384972170686456,Medium
0.23232323232323238,0.673469387755102,0.72,0.3979591836734694,0.7676767676767676,0.5570667903525046,Medium
0.1717171717171717,0.7551020408163265,0.77,0.7959183673469388,0.8282828282828283,0.49831910946196656,Low
0.1515151515151515,0.6836734693877551,0.71,0.8061224489795918,0.8484848484848485,0.5321651205936919,Medium
0.07070707070707072,0.7551020408163265,0.87,0.8979591836734694,0.9292929292929293,0.5084675324675325,Medium
0.1515151515151515,0.7857142857142857,0.81,0.8571428571428571,0.8484848484848485,0.4841038961038961,Low
0.02020202020202022,0.22448979591836735,0.15,0.09183673469387756,0.9797979797979798,0.9022356215213359,High
0.010101010101010055,0.20408163265306123,0.19,0.01020408163265306,0.98989898989899,0.9151076066790353,High
0.1717171717171717,0.5306122448979592,0.25,0.19387755102040816,0.8282828282828283,0.7375231910946197,High
0.21212121212121215,0.40816326530612246,0.29,0.11224489795918367,0.7878787878787878,0.7480760667903524,High
0.12121212121212122,0.5816326530612245,0.45,0.8061224489795918,0.8787878787878788,0.6182096474953618,High
0.11111111111111116,0.4387755102040816,0.39,0.7244897959183674,0.8888888888888888,0.6755714285714286,High
0.09090909090909094,0.5306122448979592,0.85,0.29591836734693877,0.9090909090909091,0.6385807050092764,High
0.08080808080808077,0.5,0.79,0.21428571428571427,0.9191919191919192,0.6734935064935064,High
0.08080808080808077,0.8163265306122449,0.9,0.8163265306122449,0.9191919191919192,0.49792207792207793,Low
0.09090909090909094,0.8163265306122449,0.8,0.8367346938775511,0.9090909090909091,0.5103153988868274,Medium
0.16161616161616166,0.8367346938775511,0.8,0.7142857142857143,0.8383838383838383,0.49278293135435985,Low
0.18181818181818177,0.8469387755102041,0.71,0.7244897959183674,0.8181818181818182,0.4981205936920223,Low
0.12121212121212122,0.7346938775510204,0.72,0.8979591836734694,0.8787878787878788,0.519821892393321,Medium
0.2222222222222222,0.8469387755102041,0.69,0.9285714285714286,0.7777777777777778,0.4533265306122449,Low
0.0,0.42857142857142855,0.85,0.9081632653061225,1.0,0.6080612244897959,High
0.030303030303030276,0.45918367346938777,0.89,0.9285714285714286,0.9696969696969697,0.5772411873840446,Medium
0.1717171717171717,0.6530612244897959,0.8,0.5816326530612245,0.8282828282828283,0.5448701298701298,Medium
0.06060606060606055,0.6428571428571429,0.87,0.6020408163265306,0.9393939393939394,0.5798497217068646,Medium
0.9090909090909091,0.14285714285714285,0.15,0.8061224489795918,0.09090909090909091,0.4114192949907236,Low
0.9393939393939394,0.15306122448979592,0.09,0.8571428571428571,0.06060606060606061,0.40008905380333953,Low
0.13131313131313127,0.8775510204081632,0.81,0.40816326530612246,0.8686868686868687,0.5421743970315399,Medium
0.1717171717171717,0.7959183673469388,0.78,0.5306122448979592,0.8282828282828283,0.5279517625231911,Medium
0.12121212121212122,0.7551020408163265,0.8,0.6836734693877551,0.8787878787878788,0.5318831168831168,Medium
0.11111111111111116,0.8061224489795918,0.85,0.7040816326530612,0.8888888888888888,0.5131632653061224,Medium
0.9292929292929293,0.04081632653061224,0.02,0.07142857142857142,0.0707070707070707,0.5589406307977737,Medium
0.9595959595959596,0.05102040816326531,0.05,0.07142857142857142,0.04040404040404041,0.5372634508348795,Medium
0.2222222222222222,0.14285714285714285,0.5,0.2755102040816326,0.7777777777777778,0.7301020408163266,High
0.2525252525252525,0.25510204081632654,0.55,0.2857142857142857,0.7474747474747475,0.6824860853432282,High
0.8282828282828283,0.14285714285714285,0.3,0.5714285714285714,0.1717171717171717,0.452987012987013,Low
0.8585858585858586,0.23469387755102042,0.35,0.6224489795918368,0.1414141414141414,0.40333024118738403,Low
